;marca;preÁo;
0;Placa de V√≠deo RTX 4060 Gaming X MSI NVIDIA GeForce, 8GB GDDR6, DLSS, Ray Tracing;†2.699,99;
1;Placa de V√≠deo RTX 4060 AERO OC Gigabyte NVIDIA GeForce, 8GB GDDR6, RGB, DLSS, Ray Tracing, Branco - GV-N4060AERO OC-8GD;†2.529,99;
2;Placa de V√≠deo RTX 4060 VENTUS 2x Black OC MSI NVIDIA GeForce, 8GB GDDR6, DLSS, Ray Tracing;†2.439,99;
3;Placa de V√≠deo RTX 4060 EAGLE OC Gigabyte NVIDIA GeForce, 8GB GDRR6, DLSS, Ray Tracing - GV-N4060EAGLE OC-8GD;†2.429,99;
4;Placa de V√≠deo RTX 4060 XLR8 VERTO EPIC-X Gaming PNY NVIDIA GeForce, 8GB GDDR6, RGB, DLSS, Ray Tracing - VCG40608TFXXPB1;†2.569,99;
5;Placa de V√≠deo RTX 4060 EX 1-Click OC Galax NVIDIA GeForce, 8GB GDDR6, ARGB, DLSS, Ray Tracing - 46NSL8MD8MEX;†2.399,99;
6;Placa de V√≠deo RTX 4060 VERTO Dual Fan PNY NVIDIA GeForce, 8GB GDDR6, DLSS, Ray Tracing  - VCG40608DFXPB1;†2.399,99;
7;Placa de V√≠deo RTX 4060 OC Edition Dual ASUS NVIDIA GeForce, 8GB GDDR6, DLSS, Ray Tracing - DUAL-RTX4060-O8G;†2.599,99;
8;Placa de V√≠deo RTX 4060 WINDFORCE OC Gigabyte NVIDIA GeForce, 8GB GDDR6, DLSS, Ray Tracing - GV-N4060WF2OC-8GD;†2.399,99;
9;Placa de V√≠deo RTX 3060 Asus Dual O12G V2 NVIDIA GeForce, 12GB GDDR6, LHR, DLSS, Ray Tracing - DUAL-RTX3060-O12G-V2;†2.099,99;
10;Placa de V√≠deo RTX 3060 Ti 1-Click OC Galax NVIDIA GeForce, 8GB, GDDR6, LHR, DLSS, Ray Tracing, Preto - 36ISL6MD1VQW;†2.329,99;
11;Placa de V√≠deo RX 6600 CLD 8G ASRock AMD Radeon, 8GB, GDDR6  - 90-GA2RZZ-00UANF;†1.349,99;
12;Placa de V√≠deo RX 6750 XT Mech 2X 12G OC MSI AMD, 12 GB GDDR6 - XT MECH 2X 12G OC;†2.339,99;
13;Placa de V√≠deo Gigabyte Radeon RX 6600 EAGLE, 8GB GDDR6, Preto - GV-R66EAGLE-8GD;†1.369,99;
14;Placa de V√≠deo RTX 3060 Ventus 2X MSI NVIDIA GeForce,  12GB GDDR6, DLSS, Ray Tracing - RTX 3060 Ventus 2X 12G OC;†1.929,99;
15;Placa de Video PNY NVIDIA Geforce RTX 3060, 12 GB GDDR6, DLSS, Ray Tracing - VCG306012DFBPB1;†1.899,99;
16;Placa de Video RTX 3060 TI Dual Fan PNY NVIDIA Geforce, 8 GB GDDR6, LHR, DLSS, Ray Tracing - VCG3060T8LDFBPB1;†2.199,99;
17;Placa de V√≠deo GTX 1630 EX Galax Nvidia GeForce, 4 GB GDDR6 - 63NQL4HP66EX;†759,99;
18;Placa de V√≠deo RTX 3060 Ti Dual OC Asus NVIDIA GeForce, 8 GB GDDR6X, DLSS, Ray Tracing - DUAL-RTX3060TI-O8GD6X;†2.589,99;
19;Placa de V√≠deo GTX 1660 Super Ventus XS OC MSI NVIDIA GeForce, 6GB, GDDR6;†1.499,99;
20;Placa de V√≠deo GTX 1660 Ti O6G EVO OC Asus TUF Gaming NVIDIA Geforce, 6GB GDDR6, Preto - TUF-GTX1660TI-O6G-EVO-GAMING;†1.489,99;
21;Placa de Video RTX 3060 Gaming OC Gigabyte GeForce, 12 GB GDDR6, LHR, Ray Tracing - GV-N3060GAMING OC-12GD (rev 2.0);†2.396,99;
22;Placa de V√≠deo Gigabyte NVIDIA GeForce GTX 1650 D6 OC 4G, 4GB GDDR6, Rev 2.0 - GV-N1656OC-4GD;†899,99;
23;Placa de V√≠deo RTX 3060 Verto PNY NVIDIA GeForce, 8 GB GDDR6, DLSS, Ray Tracing - VCG30608DFBPB1;†1.699,99;
24;Placa de V√≠deo RTX 3060 Ti Ventus 3X OC MSI NVIDIA GeForce, 8GB, LHR, DLSS, Ray Tracing;†2.499,99;
25;Placa de Video PNY GeForce RTX 3050 8GB UPRISING Dual Fan - VCG30508DFMPB;†1.499,99;
26;Placa de V√≠deo RTX 3060 VISION OC 12G Gigabyte GeForce, 12GB GDDR6, RGB Fusion, Ray Tracing, Metal Back Plate - GV-N3060VISION OC-12GD;†2.469,99;
27;Placa de V√≠deo RTX 3060 Twin Edge OC Zotac Gaming GeForce, 12GB GDDR6, 15 Gbps, Ray Tracing - ZT-A30600H-10M;†1.989,99;
28;Placa de V√≠deo RX 550 Radeon Graffiti Series Pcyes AMD, 4 GB GDDR5, 128 Bits, Dual Fan - PJRX5504GGR5DF;†609,99;
29;Placa de V√≠deo RTX 3060 1-Click OC Galax GeForce, 12GB GDDR6, LHR, DLSS, Ray Tracing - 36NOL7MD1VOC;†2.099,99;
30;Placa de V√≠deo RX 550 Radeon Power Color AMD, 2 GB GDDR5 - AXRX 550 2GBD5-HLE;†374,99;
31;Kit Adaptador Cooler Master de Placa de V√≠deo Vertical Universal V3, Pcie 4.0, com Cabo Riser 4.0 Incluso, Preto e Cinza - MCA-U000R-KFVK03;†499,99;
32;Placa de V√≠deo GTX 1650 D6 VENTUS XS OCV1 MSI NVIDIA GeForce, 4GB, GDDR6;†1.109,99;
33;Placa de V√≠deo RTX 4060 Ti VENTUS 3X 8G OC MSI NVIDIA GeForce, 8 GB GDDR6, DLSS, Ray Tracing;†3.199,99;
34;Cabo Extensor PCI Express Rise Mode Riser - RM-EX-PV;†119,99;
35;Placa de Video RTX 3070 Ti UPRISING Triple Fan PNY NVIDIA GeForce, 8 GB GDDR6X, DLSS, Ray Tracing - VCG3071T8TFMPB;†4.169,99;
36;Placa de V√≠deo GT 210 Galax NVIDIA GeForce, 1GB DDR3, 64 Bits - 21GGF4HI00NP;†259,99;
37;Placa de V√≠deo RTX 3060 Ti 1-Click OC Plus SG Galax NVIDIA GeForce, 8 GB GDDR6X, DLSS, Ray Tracing - 36ISM6MD1GSP;†2.696,99;
38;Placa de V√≠deo RTX 4060 Ti Eagle Gigabyte NVIDIA GeForce, 8 GB GDDR6, DLSS, Ray Tracing - GV-N406TEAGLE-8GD G10;†3.099,99;
39;Placa de Video PNY GeForce RTX 3060 Ti Verto PNY NVIDIA, 8 GB GDDR6X, LHR, DLSS, Ray Tracing - VCG3061T8LDFBPB1;†2.259,99;
40;Placa de V√≠deo RTX 4070 Gaming X TRIO 12G MSI NVIDIA GeForce, 12 GB GDDR6X, DLSS, Ray Tracing;†4.898,99;
41;Placa de V√≠deo RTX 4090 Gaming Trio MSI NVIDIA GeForce, 24 GB GDDR6X, DLSS, Ray Tracing - GeForce RTX 4090 24G GAMING TRIO;†10.599,99;
42;Placa de V√≠deo RTX 2060 KO Ultra Gaming EVGA NVIDIA GeForce, 6 GB GDDR6 - 06G-P4-2068-KR;†1.699,99;
43;Placa de V√≠deo RTX 4060 Ti Eagle OC Gigabyte NVIDIA GeForce, 8 GB GDDR6,  DLSS, Ray Tracing - GV-N406TEAGLE OC-8GD G10;†3.189,99;
44;Placa de V√≠deo RTX 4060 Ti GAMING X 8G MSI NVIDIA GeForce, 8 GB GDDR6, DLSS, Ray Tracing;†3.299,99;
45;Placa de V√≠deo GTX 1650 PNY NVIDIA GeForce Single Fan, 4 GB GDDR6 - VCG16504D6SFMPB;†974,99;
46;Placa de V√≠deo RTX 3050 Ventus 2X 8G OC MSI NVIDIA Geforce, 8GB GDDR6, DLSS, Ray Tracing - Geforce RTX 3050 Ventus 2X 8G OC;†1.749,99;
47;Placa de V√≠deo N210 MSI NVIDIA GeForce, 1GB DDR3 - N210-MD1G/D3;†186,99;
48;Placa de V√≠deo RTX 3080 XLR8 Gaming Revel Epic-X PNY NVIDIA GeForce, 10 GB GDDR6X, RGB, LHR, DLSS, Ray Tracing - VCG308010LTFXPPB1;†3.859,99;
49;Placa de V√≠deo RTX 4070 Ti XLR8 Gaming Verto Epic PNY NVIDIA GeForce, 12GB GDDR6X, RGB, DLSS 3, Ray Tracing - VCG4070T12TFXXPB1;†6.479,99;
50;Placa de V√≠deo RTX 4070 VENTUS 2X MSI NVIDIA GeForce, 12 GB OC GDDR6X, DLSS 3, Ray Tracing;†5.524,99;
51;Placa de V√≠deo GT 710 Galax NVIDIA GeForce, 1 GB DDR3 - 71GGF4DC00WG;†389,99;
52;Placa de V√≠deo Galax NVIDIA GeForce GTX 1650 EX Plus (1-Click OC), 4GB, GDDR6 - 65SQL8DS93E1;†999,99;
53;Placa de V√≠deo RTX 3060 Ti 1-Click OC Plus Galax NVIDIA GeForce, 8 GB GDDR6X, DLSS, Ray Tracing - 36ISM6MD2KCV;†2.589,99;
54;Placa de V√≠deo RTX 3060 1-Click OC PCI-e Galax, 8 GB GDDR6, 128BIT - 36NSL8MD6OCC;†1.899,99;
55;Placa de V√≠deo RTX 3050 Gaming X 8G MSI NVIDIA Geforce, 8GB GDDR6, RGB, DLSS, Ray Tracing - Geforce RTX 3050 Gaming X 8G;†1.589,99;
56;Placa De V√≠deo Pcyes Nvidia Geforce G 210, 1GB, DDR3, 64Bits - Pvg2101gbr364lp;†148,20;
57;Placa de V√≠deo RTX 4070 Ti Ventus MSI NVIDIA GeForce, 12 GB GDDR6X, DLSS 3, Ray Tracing  - GeForce RTX 4070 Ti VENTUS 3X 12G OC;†7.159,99;
58;Placa de V√≠deo RTX 3070 O8G V2 OC Asus Dual NVIDIA GeForce, 8GB GDDR6, LHR, DLSS, Ray Tracing - DUAL-RTX3070-O8G-V2;†3.189,99;
59;Placa de V√≠deo Galax NVIDIA GeForce RTX 3050 EX OC, 8GB GDDR6, LHR, 1-Click, 128 Bits - 35NSL8MD6YEX;†1.625,90;
60;Placa de V√≠deo RTX 4070 Ti TUF Gaming Asus NVIDIA GeForce, 12 GB GDDR6X, ARGB,  Ray Tracing - TUF-RTX4070TI-O12G-GAMING;†6.549,99;
61;Placa de V√≠deo RX 7900 XTX Phantom Gaming ASRock AMD, 24 GB GDDR6, ARGB - 90-GA3YZZ-00UANF;†6.669,99;
62;Placa de V√≠deo Radeon R7 240 PCYES AMD Gaming Edition, 4GB GDDR5, 128 Bits Single Fan - PVR2404GBR5128;†456,99;
63;Placa de V√≠deo Gigabyte NVIDIA GeForce RTX 3070 Gaming OC 8G, 8gb, GDDR6 - GV-N3070GAMING OC-8GD;†3.389,99;
64;Placa de V√≠deo GT 1030 MSI NVIDIA GeForce 2GD4 LP OC 2GB, DDR4 - 912-V809-2826;†439,99;
65;Suporte para GPU Cooler Master, ARGB, 510mm, Vidro Temperado, 20.1 - MCA-U000R-GSBTG-00;†139,99;
66;Placa de V√≠deo RTX 3060 Ti Twin Edge OC ZOTAC Gaming GeForce, 8 GB GDDR6, LHR, LED Branco,  Ray Tracing - ZT-A30610H-10MLHR;†2.299,99;
67;Placa de V√≠deo RTX 4090 Trinity OC Gaming Zotac NVIDIA GeForce, 24GB GDDR6X, ARGB, DLSS, Ray Tracing - ZT-D40900J-10P;†11.288,99;
68;Placa de V√≠deo RTX 4070 Ti Trinity OC ZOTAC Gaming NVIDIA Geforce, 12GB GDDR6X, DLSS 3, Ray Tracing - ZT-D40710J-10P;†5.898,99;
69;Placa de V√≠deo RTX 3060 3X 12G OC MSI NVIDIA GeForce Ventus, 12GB GDDR6, DLSS, Ray Tracing - 3060 VENTUS 3X 12G OC;†2.214,99;
70;Placa de V√≠deo RX 6600 XT Challenger D 8G OC ASRock AMD Radeon, 8GB GDDR6, Arquitetura RDNA, Ray Tracing - RX6600XT CLD 8GO;†2.099,99;
71;Placa de V√≠deo RTX 3050 OC Asus TUF Gaming NVIDIA GeForce, 8GB, ARGB, DLSS, Ray Tracing - TUF-RTX3050-O8G-GAMING;†2.369,99;
72;Placa de V√≠deo RTX 4070 Ti Asus TUF Gaming NVIDIA GeForce, 12 GB GDDR6X, ARGB, DLSS, Ray Tracing - TUF-RTX4070TI-12G-GAMING;†6.579,99;
73;Placa de V√≠deo PowerColor Fighter AMD Radeon RX 6700 XT, 16Gbps, 12GB GDDR6, AMD RDNA 2 Architecture e FreeSync - AXRX 6700XT 12GBD6-3DH;†2.199,99;
74;Placa de V√≠deo GT 730 EVGA NVIDIA GeForce, 2 GB GDDR5 - 02G-P3-3733-KR;†399,99;
75;Placa de V√≠deo Galax NVIDIA GeForce RTX 3060, 12GB GDDR6, LHR, 1-Click OC, 15GBps, Ray Tracing, DLSS - 36NOL7MD1VOC;†1.899,00;
76;Placa de V√≠deo RTX 4080 Gaming X Trio MSI NVIDIA GeForce, 16 GB GDDR6X, DLSS, Ray Tracing - GeForce RTX 4080 16GB GAMING X TRIO;†7.989,99;
77;Placa de V√≠deo ZOTAC GAMING GeForce GTX 1650 AMP Core, 12 Gbps, 4GB, GDDR6 - ZT-T16520J-10L;†999,99;
78;Placa de V√≠deo T600 PNY NVIDIA 4GB, GDDR6 - VCNT600-PB;†1.632,99;
79;Placa de V√≠deo RTX 3060 Ti Twin Edge Zotac Gaming GeForce, 8 GB GDDR6X, LED, DLSS, Ray Tracing - ZT-A30620E-10P;†2.399,99;
80;Placa De V√≠deo RTX 2060 Golden Memory Nvidia Geforce Super, 8GB, GDDR6, 256Bits, Directx 12;†1.799,00;
81;Placa de V√≠deo GT 1030 Gigabyte NVIDIA GeForce, 2GB GDDR5 - GV-N1030D5-2GL;†489,99;
82;Placa de V√≠deo RX 7900 XTX Vapor-X Sapphire, Nitro + AMD, 24 GB GDDR6 - 11322-01-40G;†7.539,99;
83;Placa de V√≠deo RTX 3060 Twin Edge Zotac Gaming GeForce, 8 GB GDDR6, DLSS, Ray Tracing - ZT-A30630E-10M;†1.899,99;
84;Placa de V√≠deo GTX 1660 SC Ultra Gaming EVGA NVIDIA GeForce, 6GB GDDR5 - 06G-P4-1067-KR;†1.449,99;
85;Placa de V√≠deo RX 7600 Fighter Power Color AMD Radeon, 8GB GDDR6 - RX 7600 8G-F;†1.939,99;
86;Placa de V√≠deo RTX 4090 Asus NVIDIA ROG Strix, 24 GB GDDR6X, ARGB, DLSS, Ray Tracing - ROG-STRIX-RTX4090-O24G-GAMING;†13.699,99;
87;Placa de V√≠deo RTX 4090 Suprim Liquid X MSI NVIDIA Geforce, 24 GB GDDR6X, DLSS, Ray Tracing - Geforce RTX 4090 SUPRIM LIQUID X 24G;†11.999,99;
88;Placa de V√≠deo GTX 1050 Ti Asus NVIDIA GeForce OC Cerberus, 4GB GDDR5 - CERBERUS-GTX1050TI-O4G;†1.099,99;
89;Placa de V√≠deo RX 560 Phantom Gaming ASRock Elite AMD, 4 GB GDDR5 - 90-GA3FZZ-00UANF;†649,99;
90;Placa de V√≠deo RTX 4060 Ti EX Galax NVIDIA GeForce, 8 GB GDDR6, DLSS, Ray Tracing - 46ISL8MD8AEX;†2.999,99;
91;Placa de V√≠deo RTX 4070 Ti Gaming MSI NVIDIA GeForce, 12 GB GDDR6X, DLSS 3, Ray Tracing  - GeForce RTX 4070 Ti GAMING X TRIO 12G;†6.099,99;
92;Placa de Video PNY NVIDIA GeForce RTX 3080 Uprising, 12 GB GDDR6X, LHR, DLSS, Ray Tracing - VCG308012LTFMPB;†4.759,99;
93;Placa de V√≠deo RTX 3050 EX Galax NVIDIA GeForce, RGB, 8GB GDDR6, LHR, DLSS, Ray Tracing - 35NSL8MD6YEX;†1.799,99;
94;Placa de V√≠deo RX 6650 XT Pulse Gaming OC Sapphire, 8GB GDDR6, Arquitetura RDNA2, Ray Tracing - 11319-03-20G;†1.899,99;
95;Placa de V√≠deo RTX 4070 Ti ROG Strix Gaming Asus NVIDIA GeForce, 12 GB GDDR6X, ARGB, Ray Tracing  - ROG-STRIX-RTX4070TI-O12G-GAMING;†6.999,99;
96;Placa de V√≠deo Colorful, NVIDIA GeForce GT 710, 2GB, GDDR3, 64 Bits;†224,40;
97;Placa de V√≠deo GTX 1660 Super OC Gigabyte NVIDIA Geforce, 6GB GDDR6 - GV-N166SOC-6GD;†1.799,99;
98;Placa de V√≠deo VGA Galax NVIDIA GeForce GT 1030 2GB GDDR5 64Bits - 30NPH4HVQ4ST;†494,99;
99;Placa de V√≠deo RTX 3060 Eagle Gigabyte NVIDIA GeForce, rev. 2.0, 12G GDDR6, DLSS, Ray Tracing - GV-N3060EAGLE OC-12GD;†2.399,99;
100;Placa de V√≠deo PNY NVIDIA GeForce RTX 3050 VERTO Dual Fan Edition, 8 GB GDDR6, DLSS, Ray Tracing - VCG30508DFBPB1;†1.599,99;
101;Placa de V√≠deo RTX 4060 Ti OC Edition Asus NVIDIA GeForce, 8 GB GDDR6, DLSS, Ray Tracing - DUAL-RTX4060TI-O8G;†4.638,99;
102;Placa de V√≠deo RX 7600 Pulse Sapphire Gaming OC, 8GB GDDR6 - 11324-01-20G;†2.019,99;
103;Placa De V√≠deo GTX 1660 Golden Memory NVIDIA GeForce Super, 6GB, GDDR6, 192Bits, Directx 12;†1.299,00;
104;Placa de V√≠deo RTX 4070 VERTO EPIC-X XLR8 Gaming PNY NVIDIA GeForce, 12GB GDDR6X, RGB, DLSS, Ray Tracing - VCG407012TFXXPB1;†4.999,99;
105;Placa de V√≠deo RX 550 Sapphire AMD Radeon Pulse, 4 GB GDDR5 - 11268-01-20G;†558,99;
106;Placa de V√≠deo Galax NVIDIA GeForce GTX 1650, 4GB GDDR6, EX Plus, 1-Click OC, 128 Bits - 65SQL8DS93E1;†949,90;
107;Placa de V√≠deo Intel Arc A380 ASRock Challenger ITX 6GB - 90-GA3KZZ-00UANF;†879,99;
108;Placa de V√≠deo RTX 4080 Gaming OC Gigabyte NVIDIA GeForce, 16 GB GDDR6X, DLSS, Ray Tracing - 9VN4080GO-00-10;†8.379,99;
109;Placa de V√≠deo GT 1030 Gigabyte NVIDIA GeForce D4, 2GB DDR4 - GV-N1030D4-2GL;†419,99;
110;Placa de V√≠deo RTX 4080 Trinity ZOTAC GeForce, 16 GB GDDR6X, DLSS, Ray Tracing - ZT-D40810D-10P;†7.999,99;
111;Placa de V√≠deo RTX 4070 Ti Gigabyte NVIDIA GeForce, 12 GB GDDR6X, DLSS 3, Ray Tracing - GV-N407TEAGLE OC-12GD;†6.489,99;
112;Placa de V√≠deo RX 6750 XT Dual O12G Asus, 12GB GDDR6 - DUAL-RX6750XT-O12G;†3.566,99;
113;Placa de V√≠deo RTX 4080 SG 1-Click OC GALAX GeForce, 16 GB GDDR6X, ARGB,  DLSS, Ray Tracing  - 48NZM6MD6LSG;†8.358,99;
114;Placa de V√≠deo RX 6750 XT XFX Speedster MERC319 AMD Radeon Black Gaming, 12GB GDDR6, Ray Tracing, RDNA2 - RX-675XYTBDP MERC319 BLACK;†2.699,99;
115;Placa de V√≠deo RTX 4070 Ti Gaming Gigabyte NVIDIA GeForce, 12 GB GDDR6X, DLSS 3, Ray Tracing - GV-N407TGAMING OC-12GD;†6.299,99;
116;Placa de V√≠deo RTX 3050 OC Asus NVIDIA GeForce, 8GB, GDDR6, Ray Tracing - DUAL-RTX3050-O8G;†1.839,99;
117;Placa de V√≠deo RX 6500 XT Gaming D OC ASRock Radeon Phantom, 4GB, GDDR6, 64 Bit, Dual Fan - 90-GA3DZZ-00UANF;†1.049,99;
118;Placa de V√≠deo Power Color AMD RX6800 AXRX 6800, 16 Gbps, 16GB, GDDR6 - 16BD6-3DH/OC;†3.786,99;
119;Placa de V√≠deo Galax NVIDIA GeForce RTX 3060 TI SG OC Plus, 8GB GDDR6X, LHR, 1-Click, 256 Bits - 36ISM6MD4BPL;†4.206,06;
120;Placa de V√≠deo RX 6400 Gaming Sapphire Pulse AMD Radeon, 4GB GDDR6, HDMI e DisplayPort, Low Profile - 11315-01-20G;†899,99;
121;Placa De Video Colorful, Igame Rtx 3060, Ti Ultra W Oc G6x V2-v;†2.991,12;
122;Placa de V√≠deo Quadro T1000 PNY NVIDIA 4GB, GDDR6 - VCNT1000-PB;†2.499,99;
123;Placa de V√≠deo RX 6650 XT XFX Speedster QICK308 AMD Radeon Ultra Gaming, 8GB GDDR6, Ray Tracing, RDNA2 - RX-665X8LUDY QICK308 ULTRA;†1.859,99;
124;Placa de Video PNY NVIDIA Geforce RTX 4080 XLR8 Gaming Verto Edition, 16 GB GDDR6X, RGB, DLSS, Ray Tracing - VCG408016TFXXPB1;†9.199,99;
125;Placa de V√≠deo RTX 4060 Ti OC Edition Asus TUF Gaming NVIDIA GeForce, 8 GB GDDR6, ARGB, DLSS - TUF-RTX4060TI-O8G-GAMING;†3.529,99;
126;Placa de V√≠deo Galax NVIDIA GeForce RTX 3060 OC, 8GB GDDR6, LHR, 1-Click, 192 Bits - 36NSL8MD6OCC;†1.849,00;
127;Placa de V√≠deo Afox NVIDIA GeForce GT220, 1024 MB DDR3, 128 Bits, Low Profile, HDMI, DVI, VGA - AF220-1024D3L2;†178,88;
128;Placa de V√≠deo PowerColor AMD Radeon RX 6900 XT Red Devil, 16GB GDDR6 - 16GBD6-3DHE/OC;†4.814,90;
129;Placa de V√≠deo Zotac Gaming NVIDIA GeForce GTX 1650 OC, 4GB, GDDR6 - ZT-T16520F-10L;†999,99;
130;Placa de V√≠deo RX 7900 XTX Sapphire AMD, 24 GB GDDR6 - 11322-02-20G;†6.499,99;
131;Placa de V√≠deo RTX 4060 Ti Click OC Galax NVIDIA GeForce, 8 GB GDDR6, DLSS, Ray Tracing  - 46ISL8MD8COC;†3.199,99;
132;Placa de V√≠deo RTX 4070 Ti XLR8 Gaming Verto TF OC PNY NVIDIA GeForce, 12GB GDDR6X, DLSS 3, Ray Tracing - VCG4070T12TFXXPB1-O;†5.499,99;
133;Placa de V√≠deo GTX 1650 Asus NVIDIA GeForce, 4GB, GDDR6 - TUF-GTX1650-O4GD6-P-GAMING;†1.259,99;
134;Placa de V√≠deo RTX 3060 OC Edition Asus Dual GeForce, 8 GB GDDR6, DLSS, Ray Tracing - DUAL-RTX3060-O8G;†2.059,99;
135;Placa de V√≠deo Quadro RTX A4000 PNY NVIDIA, 16GB, GDDR6 Com ECC, Ray Tracing - VCNRTXA4000-PB;†7.499,99;
136;Placa de V√≠deo Afox NVIDIA GeForce GT 240, 1GB DDR3, 128 Bits - AF240-1024D3L2-V2;†169,90;
137;Placa de V√≠deo Power Color Fighter AMD Radeon RX 6500 XT, 4 GB GDDR6, Ray Tracing - AXRX 6500XT 4GBD6-DH/OC;†1.059,99;
138;Placa de V√≠deo Asus NVIDIA GeForce RTX 3070 O8G V2 OC, 8GB GDDR6, LHR, Dual, DLSS, Ray Tracing - 90YV0FQC-M0NA00;†3.347,48;
139;Placa De V√≠deo Nvidia Gpu GT 210, 512MB, DDR3, 64bits, PCIe;†141,61;
140;Placa de V√≠deo RTX 4080 TUF OC Edition Asus NVIDIA GeForce, 16 GB GDDR6X, ARGB, DLSS, Ray Tracing - TUF-RTX4080-O16G-GAMING;†8.099,99;
141;Placa De Video Galax Geforce Rtx 3060ti GDDR6x 1-click Oc Plus 8GB 256bit - 36ism6md2kcv;†2.588,99;
142;Placa de Video PNY NVIDIA Geforce RTX4090 XLR8 Gaming Verto Edition, 24 GB GDDR6X, RGB, DLSS, Ray Tracing - VCG409024TFXXPB1;†10.959,99;
143;Placa de V√≠deo RX 550 Asus Phoenix AMD Radeon, 4GB, GDDR5 - PH-RX550-4G-EVO;†749,99;
144;Placa de Video RTX 4070 Twin Edge OC Zotac NVIDIA GeForce, 12 GB GDDR6X, DLSS,  Ray Tracing - ZT-D40700H-10M;†4.499,99;
145;Placa de V√≠deo RX 6650 XT Fighter Powercolor AMD Radeon, 8 GB GDDR6, Ray Tracing - AXRX 6650XT 8GBD6-3DH;†2.119,99;
146;Placa de V√≠deo RX 6400 XFX Speedster SWFT105 AMD Radeon Gaming, 4GB GDDR6, Ray Tracing, RDNA2 - RX-64XL4SFG2;†1.099,99;
147;Placa de V√≠deo RX 7900 XTX Red Devil PowerColor AMD Radeon, 24 GB GDDR6, ARGB, Ray Tracing - RX7900XTX 24G-E/OC;†8.199,99;
148;Placa de V√≠deo Intel Arc A750 Graphics, 8 GB GDDR6, Ray Tracing - 21P02J00BA;†1.699,99;
149;Placa De V√≠deo Nvidia Geforce RTX 2060 Afox, 6GB, Gddr6, 192 Bits, Dual Fan, Wpc Wpc2060-6g;†1.599,00;
150;Placa de V√≠deo RTX 4070 Dual Fan PNY NVIDIA GeForce, 12 GB GDDR6X, DLSS, Ray Tracing  - VCG407012DFXPB1;†4.929,99;
151;Placa de V√≠deo PCYes NVIDIA GeForce GT 610, 2GB DDR3, 64 Bits, HDMI, VGA, DVI - PAKGT6102GBDR3SF;†273,95;
152;Placa de V√≠deo Galax GeForce RTX 4090 ST, 24GB GDDR6X, ARGB, DLSS, Ray Tracing - 49NXM5MD6DDR;†11.999,99;
153;Placa de V√≠deo RX 7600 Hellhound Power Color AMD Radeon, 8GB GDDR6 - RX7600 8G-L/OC;†2.014,99;
154;Cabo Extensor Thermaltake TT Gaming Riser, 20cm, Cable PCI-E 3.0, Preto - AC053CN1OTNC1;†177,58;
155;Placa De V√≠deo Nvidia Msi Geforce RTX 4070 Ventus 3x Oc 12GB DDR6, 192 Bits - 912-v513-219;†4.439,51;
156;Placa de V√≠deo Intel Arc A770 Phantom Gaming D ASRock, 8 GB GDDR6 - 90-GA3TZZ-00UANF;†1.799,99;
157;Placa De V√≠deo Pcyes Radeon R5 220, 2GB, GDDR3, 64 Bits, Low Profile - Pvr52202GBr364;†193,51;
158;Placa de V√≠deo Quadro RTX A2000 PNY NVIDIA, 12GB GDDR6, Ray Tracing - VCNRTXA200012GB-PB;†4.849,99;
159;Placa de V√≠deo RTX 4090 Asus TUF Gaming, 24 GB GDDR6X, ARGB, DLSS, Ray Tracing - TUF-RTX4090-24G-GAMING;†13.978,99;
160;Placa de Video RTX 4090 Uprising Epic-X Gaming PNY NVIDIA GeForce, 24GB XLR8, RGB, Triple Fan DLSS 3 - VCG409024TFXMPB;†10.199,99;
161;Placa de V√≠deo RX 6600 XFX Core Gaming Speedster SWFT 210 AMD Radeon Graphics Card, 8GB GDDR6, AMD RDNA 2 - RX-66XL8LFDQ;†2.239,99;
162;Suporte P/ Placa De Video, Em Gabinete, Deepcool, GH-01 A-RGB;†147,46;
163;Placa de V√≠deo RX 7900 XTX OC Edition TUF Gaming Asus AMD, 24 GB GDDR6, ARGB - TUF-RX7900XTX-O24G-GAMING;†6.999,99;
164;Placa de V√≠deo RTX 3060 Twin Edge Zotac Gaming GeForce, 12GB GDDR6, 15 Gbps, Ray Tracing - ZT-A30600E-10M;†3.999,99;
165;Placa de V√≠deo RTX 4090 SG Galax NVIDIA GeForce, 24 GB GDDR6X, ARGB, DLSS, Ray Tracing - 49NXM5MD6DSG;†12.968,99;
166;Placa de V√≠deo PNY NVIDIA GeForce RTX 3080 Ti Gaming Uprising Epic-x, 12 GB GDDR6X, RGB, DLSS - VCG3080T12TFXMPB1-TF;†6.519,99;
167;Placa de V√≠deo Colorful, NVIDIA GeForce GT 1030, 4GB GDDR4, 64 Bits;†527,12;
168;Placa de V√≠deo RTX 4090 Zotac NVIDIA Gaming GeForce AMP Extreme AIRO, 24 GB GDDR6X, ARGB, DLSS, Ray Tracing - ZT-D40900B-10P;†11.599,99;
169;Placa de V√≠deo GTX 1630 Ventus XS MSI NVIDIA, 4GB GDDR6 - VENTUS XS 4G OC;†779,99;
170;Placa de V√≠deo RTX 4070 Ti AMP Extreme Airo ZOTAC Gaming NVIDIA  Geforce, 12GB GDDR6X, DLSS, Ray Tracing - ZT-D40710B-10P;†6.599,99;
171;Placa de V√≠deo RTX 4080 Edition Asus ROG Strix NVIDIA GeForce,16 GB GDDR6X, ARGB, DLSS, Ray Tracing - ROG-STRIX-RTX4080-O16G-GAMING;†9.529,99;
172;Placa de V√≠deo RTX 3080 Trinity Zotac Gaming NVIDIA GeForce, 12GB GDDR6X, LHR, RGB, DLSS, Ray Tracing - ZT-A30820D-10PLHR;†8.799,99;
173;Placa de V√≠deo MSI, NVIDIA GeForce GTX 1650 D6 Ventus XS OCV1, 4GB, GDDR6, 128 Bits - 912-V809-4057;†1.019,70;
174;Placa de V√≠deo Afox NVIDIA GeForce GT240, 1024 MB, PCI Express 2.0, VGA, HDMI, DVI;†199,00;
175;Placa de V√≠deo Duex NVIDIA GeForce GTX 750 TI, 4GB GDDR5, 128 Bits - DX GTX750TI-4GD5;†611,41;
176;Placa de V√≠deo RX 7900 XT Phantom Gaming ASRock AMD, 20 GB GDDR6, ARGB - 90-GA3XZZ-00UANF;†5.898,99;
177;Placa de V√≠deo RTX 4080 Galax NVIDIA GeForce, 16GB GDDR6X, DLSS - 48NZM6MD6LTS;†8.999,99;
178;Placa de V√≠deo RX 550 Duex AMD Radeon, 4GB, DDR5 - DXRX5504GB;†659,99;
179;Placa de V√≠deo PNY GeForce RTX 4090 XLR8 Gaming Verto Epic-x RGB, 24 GB GDDR6X, DLSS, Ray Tracing - VCG409024TFXXPB1-O;†10.154,99;
180;Placa de V√≠deo RX 6650 XT Dual O8G Asus, 8GB GDDR6,  Tecnologia Axis - DUAL-RX6650XT-O8G;†1.999,99;
181;Placa de V√≠deo Galax, NVIDIA GeForce GTX 1650 EX, 4GB GDDR6, 1 Click OC, 192 Bits, DVI, HDMI, E Displayport - 65SQL8DS66E6;†1.175,18;
182;Placa De V√≠deo Colorful, Geforce Gt 730k, 4GB, GDDR3, 64 Bits, DVI, VGA E HDMI - 4gd3-v;†384,90;
183;Placa de V√≠deo RTX 3050 XC Gaming EVGA NVIDIA GeForce, 8GB GDDR6, LHR, DLSS, Ray Tracing - 08G-P5-3553-KR;†1.599,99;
184;Placa de V√≠deo RX 6700 XT Asus AMD Radeon, 12GB GDDR6, 16 Gbps - DUAL-RX6700XT-12G;†2.999,99;
185;Placa de V√≠deo RTX 4070 Ti EX Gamer Galax NVIDIA GeForce, 12 GB GDDR6X, DLSS,  Ray Tracing - 47IOM7MD7AEG;†5.699,99;
186;Placa de Video RTX 4090 AMP Extreme AIRO Edition Zotac Gaming NVIDIA GeForce, 24 GB GDDR6X, ARGB, DLSS, Ray Tracing, Branco - ZT-D40900K-10P;†11.898,99;
187;Placa de V√≠deo Afox NVIDIA GeForce GT730, 4GB DDR3, 128 Bits, LP, HDMI, DVI-VGA - AF730-4096D3L6;†449,98;
188;Placa de V√≠deo Colorful NVIDIA GeForce GT 730K, 4GB GDDR3, V2-V;†395,12;
189;Placa de V√≠deo RTX 3090 Trinity Zotac NVIDIA GeForce, 24GB GDDR6X - ZT-A30900D-10P;†16.999,99;
190;Placa de V√≠deo  RTX 4080 XLR8 Gaming Verto Epic-x RGB PNY GeForce, 16 GB GDDR6X, DLSS, Ray Tracing - VCG408016TFXXPB1-O;†7.699,99;
191;Placa de V√≠deo RTX 4080 Eagle OC Gigabyte NVIDIA GeForce, 16 GB GDDR6X, DLSS, Ray Tracing - GV-N4080EAGLE OC-16GD;†8.299,99;
192;Placa de V√≠deo RTX 4080 Ventus 3X OC MSI NVIDIA GeForce, 16 GB GDDR6X, DLSS, Ray Tracing - GeForce RTX 4080 16GB VENTUS 3X OC;†7.999,99;
193;Placa de V√≠deo RTX Quadro A2000 PNY NVIDIA, 6GB GDDR6, DLSS, Preto - VCNRTXA2000-PB;†3.429,99;
194;Placa de V√≠deo Afox NVIDIA GeForce GT210, 1GB DDR3 - AF210-1024D3L5-V2;†208,86;
195;Placa de V√≠deo RX 7900 XT OC Edition TUF Gaming Asus AMD, 20 GB GDDR6, ARGB - TUF-RX7900XT-O20G-GAMING;†6.599,99;
196;Placa De Video Colorful, Igame Rtx 4070, Ti Ultra W Oc-v;†6.071,12;
197;Placa de V√≠deo Power Color Red Devil AMD Radeon RX 6650 XT, 8 GB GDDR6, ARGB, Ray Tracing - AXRX 6650XT 8GBD6-3DHE/OC;†2.399,99;
198;Placa de V√≠deo PNY NVIDIA GeForce Quadro T400, 4GB GDDR6, 64 Bits - VCNT4004GB-PB;†1.184,86;
199;Placa de V√≠deo RTX 3060 White OC Edition Asus NVIDIA Dual GeForce,  8 GB GDDR6, DLSS, Ray Tracing - DUAL-RTX3060-O8G-WHITE;†2.299,99;
200;Placa de Video Power Color Radeon AXRX 6400, 4GB GDDR6 - AXRX64004GBD6-DH;†899,99;
201;Placa de V√≠deo RTX 4070 Ti ST Galax NVIDIA GeForce, 12 GB GDDR6X, DLSS 3, Ray Tracing - 47IOM7MD6TTS;†6.099,99;
202;Placa de V√≠deo RX 6750 XT XFX Speedster QICK319 AMD Radeon Ultra Gaming, 12GB GDDR6, Ray Tracing, RDNA2 - RX-675XYLUDP QICK319 ULTRA;†3.099,99;
203;Placa de V√≠deo Asus AMD Radeon RX550 Phoenix, 4GB DDR5, 128 Bits - PH-RX550-4G-EVO;†630,20;
204;Placa de V√≠deo Galax NVIDIA GeForce GTX 1630, 4GB DDR6, 64 Bits;†1.047,31;
205;Placa de V√≠deo RX 7900 XTX Hellhound PowerColor AMD Radeon, 24 GB GDDR6, LED, Ray Tracing - RX7900XTX 24G-L/OC;†7.294,99;
206;Placa De V√≠deo Galax Nvidia RTX 4070 Ti 12GB Ex Gamer GDDR6x 192bits - 47iom7md7aeg;†6.773,99;
207;Placa de V√≠deo RTX 4070 Ti SG Galax NVIDIA GeForce, 12 GB GDDR6X, DLSS 3, Ray Tracing - 47IOM7MD6MSG;†6.579,99;
208;Suporte P/ Placa de Video Dt3 Hyperstone Rgb 12015-9;†164,90;
209;Placa de V√≠deo Afox AMD Radeon RX 550, 4GB GDDR5, 128 Bits - AFRX550-4096D5H4-V5;†559,90;
210;Placa de V√≠deo Galax NVIDIA GeForce GT 210, 1GB DDR3, 64 Bits - 21GGF4HI00NP;†233,55;
211;Placa de V√≠deo MSI NVIDIA GeForce RTX 4090 Suprim Liquid, 24GB GDDR6X, 384 Bits, HDMI E DP, DLSS, Ray Tracing - 912-V510-007;†10.949,90;
212;Placa de V√≠deo Gigabyte Nvidia GeForce  RTX 4080, OC-16GB G - Gv-n4080eagle;†7.999,90;
213;Placa De V√≠deo Zotac Nvidia Geforce Rtx 4070 Ti Trinity Oc, 12gb, Gddr6x, 192 Bits, HDMI E Dp, Dlss, Ray Tracing - Zt-d40710j-10p;†6.137,91;
214;Vga Pci Exp, 4gb/128bits Gt730, Gt730lp-4gd3-c DDR3.;†596,09;
215;Placa de V√≠deo RX 6700 XT Challenger ASRock AMD Radeon, 12GB GDDR6, Ray Tracing;†2.699,99;
216;Placa de V√≠deo RX 6500 XT ITX Power Color AMD Radeon, 4GB GDDR6, Ray Tracing - AXRX 6500 XT 4GBD6-DH;†1.199,99;
217;Placa de V√≠deo PNY NVIDIA GeForce Quadro T400, 2GB GDDR6, 64 Bits - VCNT400-PB;†1.184,90;
218;Placa de V√≠deo MSI GeForce RTX 3060 GAMING X 12G, 15 Gbps, 12GB GDDR6, Ray Tracing;†2.199,99;
219;Placa de V√≠deo DEX NVIDIA GeForce GTX550TI, 1GB DDR5, 128 Bits, VGA/DVI/HDMI - PV-05;†555,17;
220;Placa de V√≠deo RX 7900 XT Hellhound PowerColor AMD Radeon, 20 GB GDDR6, LED, Ray Tracing - RX7900XT 20G-L/OC;†5.899,99;
221;Placa de V√≠deo RTX 3060 Ti O8G Mini V2 OC Asus Dual NVIDIA GeForce, 8GB GDDR6, RGB, LHR, DLSS, Ray Tracing - DUAL-RTX3060TI-O8G-MINI-V2;†2.699,99;
222;Placa De V√≠deo Galax NVIDIA GeForce RTX 4090 SG OC, 24GB GDDR6X, 1-Click, 384 Bits - 49NXM5MD6DSG;†14.673,31;
223;Placa de V√≠deo MSI Gaming X Trio, NVIDIA GeForce RTX 4070, 12GB, G6X, 192bits, OC;†6.132,50;
224;Placa de V√≠deo Afox AMD Radeon R5 220, 2GB SDDR3 - AFR5220-2048D3L5-V2;†259,00;
225;Placa De V√≠deo RTX 3060TI Pcwinmax Nvidia Geforce, 8GB, GDDR6, 256Bits, Directx 12;†2.299,00;
226;Placa de V√≠deo RTX 3080 Ti XC3 ULTRA GAMING EVGA GeForce, 12GB GDDR6X, ARGB LED, Metal Backplate, DLSS, Ray Tracing - 12G-P5-3955-KR;†6.999,99;
227;Placa de V√≠deo Gigabyte NVIDIA GeForce GTX 1660 TI OC, 6GB GDDR6, DP e HDMI - GV-N166TOC-6GD;†3.740,00;
228;Placa de V√≠deo RX 6750 XT Gaming OC Sapphire Pulse, 12GB GDDR6, Arquitetura RDNA2, Ray Tracing - 11318-03-20G;†3.399,99;
229;Placa de V√≠deo PowerColor AMD Radeon AXRX 6600, 8GB GDDR6 - 8GBD6-3DH;†1.399,90;
230;Placa de V√≠deo Afox AMD Radeon RX 560, 4GB GDDR5, 128 Bits - AFRX560-4096D5H4-V2;†679,90;
231;Placa de V√≠deo Duex NVIDIA GeForce GTX 1050 TI, 4GB GDDR5, 128 Bits - DX GTX1050TI-4GD5;†1.138,00;
232;Placa de V√≠deo RX 6500 XT MECH 2X 4G OC MSI AMD Radeon, 4GB GDDR6, AMD RDNA 2 - Radeon RX 6500 XT MECH 2X 4G OC;†1.179,99;
233;Placa de V√≠deo Duex AMD Radeon RX550, 4GB GDDR5, 128 Bits, HDMI/DVI/DISPLAYPORT - DX RX550-4GB;†611,41;
234;Placa de V√≠deo RTX 4090 Asus NVIDIA TUF Gaming GeForce Edition, 24GB GDDR6X, DLSS, Ray Tracing - TUF-RTX4090-O24G-GAMING;†12.599,99;
235;Placa de V√≠deo RX 7600 MECH 2X CLASSIC OC MSI Radeon, 8GB GDDR6;†2.399,99;
236;Placa de V√≠deo MSI NVIDIA GeForce RTX 3050 Gaming X, 8GB GDDR6, 128 Bits;†1.832,07;
237;Placa de V√≠deo PCYes NVIDIA GeForce G210, 1GB DDR3, HDMI/VGA/DVI - PA210G6401D3LP;†199,00;
238;Placa de V√≠deo PowerColor AMD Radeon AXRX 6600, 8GB GDDR6 - 8GBD6-3DHL;†1.864,05;
239;Placa De Video Sapphire RX 6900, 16GB, Xt Nitro+amd Radeon, 2285MHZ, GDDR6;†5.599,00;
240;Placa de V√≠deo Afox NVIDIA GeForce GT730, 4GB DDR3, 128 Bits, Low Profile, HDMI/DVI/VGA - AF730-4096D3L5;†360,00;
241;Placa de V√≠deo Afox NVIDIA GeForce GT740, 4GB GDDR5, 128 Bits, HDMI, DVI, VGA - AF740-4096D5H2-V2;†562,90;
242;Placa de V√≠deo Afox AMD Radeon R5 220, 2GB DDR3, 64 Bits, Low Profile, HDMI/DVI/VGA - AFR5220-2048D3L5-V2;†226,98;
243;Placa de V√≠deo PCYES, AMD RX550, 4GB RAM, Open GL 4.6, DP+HDMI+DVI, Windows e Linux;†661,66;
244;Placa de V√≠deo Afox AMD Radeon R5 220, 1024MB DDR3, 64 Bits, HDMI, DVI, VGA - AFR5220-1024D3L5-V2;†242,90;
245;Placa de V√≠deo Palit NVIDIA GeForce RTX 3070 Gamerock, 8GB GDDR6;†14.705,10;
246;Gtx 1050 2GB 128bits Pcwinmax Gtx1050-2gd5 DDR5;†806,65;
247;Placa de V√≠deo Gainward NVIDIA GeForce RTX 3080 TI Phoenix G6X, 12GB, 384 Bits;†7.499,00;
248;Placa De V√≠deo Pcyes Nvidia Geforce Gtx 1050 Ti, 4 GB Gddr5, 128bits, Dual Fan, Graffiti Series;†911,59;
249;Placa de V√≠deo Gigabyte NVIDIA GeForce RTX 3060 Vision OC, 12GB GDDR6, LHR, DLSS, Ray Tracing - GV-N3060VISION-OC-12GB;†2.474,90;
250;Placa De V√≠deo Pcwinmax Nvidia GTX 750TI 2GB, 128 Bits, DDR5, HDMI + VGA;†688,49;
251;Placa de V√≠deo PNY NVIDIA GeForce Quadro RTX A4000, 16GB, 256 Bits;†10.533,51;
252;Placa de V√≠deo Asus AMD TUF RX 6900XT, 16GB, 256 Bits;†5.599,00;
253;Placa de V√≠deo PNY, NVIDIA GeForce Quadro T600, 4GB GDDR6, 128 Bits - VCNT600-PB;†1.760,22;
254;Placa De Video Afox Geforce Gt710, 2GB, DDR3 64bit - HDMI - Dvi - VGA - Af710-2048d3l5;†272,71;
255;Placa de V√≠deo RX 6500 XT Gaming OC Sapphire Pulse, 4GB, GDDR6, AMD - 11314-01-20G;†1.329,99;
256;Placa de V√≠deo Asus NVIDIA GeForce GTX 1050 TI Dual OC CERBERUS, 4GB GDDR5, 128 Bits - CERBERUS-GTX1050TI-O4G;†1.499,00;
257;Placa de V√≠deo Palit NIVIDIA GeForce GTX 1650 GP, 4GB GDDR6, 128 Bits - NE6165001BG1-1175A;†984,90;
258;Placa de V√≠deo MSI NVIDIA GeForce RTX 3060 Ventus 3X 12G OC, 12GB GDDR6, LHR, DLSS, Ray Tracing;†2.660,90;
259;Placa de V√≠deo Afox NVIDIA GeForce GT 730, 4GB DDR3, HDMI, DVI, VGA, 128 Bits, At√© 2 Monitores, Low Profile - AF730-4096D3L2;†579,00;
260;Placa de V√≠deo Asus NVIDIA GeForce GTX 1650 Dual, 4GB DDR5, 128 Bits - DUAL-GTX1650-4G;†999,90;
261;Placa De V√≠deo Sapphire Multi, 12GB, RX 6700 XT, 2581mhz, GDDR6;†4.749,00;
262;Placa De V√≠deo PowerColor, Radeon Red Dragon Rx570, 4GB, GDDR5 - Axrx 570 4gbd5-dhdv3/oc;†1.019,15;
263;Placa De Video Quadro 4GB Ddr6 64bit Vcnt4004GB-pb T400 Pny;†1.212,86;
264;Placa de V√≠deo Gainward NVIDIA GeForce RTX 3060 Pegasus, 12GB GDDR6 - NE63060019K9-190A;†2.829,75;
265;Placa de V√≠deo PCYes AMD Radeon RX 550, 4GB GDDR5, Grafiti Series - PAJRX550DR5DF;†738,48;
266;Placa de v√≠deo Powercolor Radeon RX 6700 XT, 12GB, GDDR6 Fighter 192bits - Axrx 6700xt 12gbd6-3dh;†2.599,90;
267;Placa de V√≠deo Afox NVIDIA GeForce GT210, 1GB DDR3, 64 Bits;†209,00;
268;Placa de V√≠deo RTX 4080 ROG Strix Edition Asus NVIDIA GeForce, 16GB GDDR6X, ARGB, DLSS, Ray Tracing, Branco - ROG-STRIX-RTX4080-O16G-WHITE;†10.399,99;
269;Placa de V√≠deo GTX 1660 Super O6G Gaming OC Asus NVIDIA GeForce TUF, 6GB GDDR6, IP5X - TUF-GTX1660S-O6G-GAMING;†1.674,99;
270;Placa de V√≠deo PowerColor AMD Radeon Red Devil RX6800XT, 16GB GDDR6, AXRX - 16GBD6-3DHE/OC;†5.946,21;
271;Placa de V√≠deo Intel Arc A750 Challenger D ASRock, 8 GB GDDR6 - 90-GA3HZZ-00UANF;†1.499,99;
272;Placa de V√≠deo Galax NVIDIA GeForce RTX 2060 Super EX, 8GB GDDR6, 256 Bits, 1-Click OC - 26ISL6HP68LD;†2.983,00;
273;Placa de V√≠deo Colorful NVIDIA GeForce RTX 3060 NB DUO, 12GB GDDR6, LHR-V, DLSS, Ray Tracing, G-Sync 2N;†2.463,12;
274;Placa De V√≠deo  Evolut Gt730, 4GB, DDR3, 128 Bit, HDMI;†510,00;
275;Placa de V√≠deo Afox NVIDIA GeForce GTX 750, 4GB DDR5, 128 Bits - AF750-4096D5L4;†770,80;
276;Placa de V√≠deo Gigabyte AMD RX6500 XT G, 4GB GDDR6;†1.925,00;
277;Placa De V√≠deo Galax Nvidia RTX4070 TI, 12GB, GDDR6x, 192bits, One Click - 47iom7md6tts;†7.255,62;
278;Placa de V√≠deo Afox NVIDIA GeForce GTX 1650, 4GB RAM, DisplayPort, HDMI, DVI - GTX1650-4GD6;†1.529,10;
279;Placa de V√≠deo RX 6650 XT XFX Speedster MERC308 AMD Radeon Black Gaming, 8GB GDDR6, Ray Tracing, RDNA2 - RX-665X8TBDY MERC308 BLACK;†2.199,99;
280;Placa de V√≠deo MSI, NVIDIA GeForce RTX 3060 Ventus, 12GB GDDR6, LHR, Suporte HDCP, DirectX 12, API - 912-V397-483;†2.016,88;
281;Placa de V√≠deo Gainward, NVIDIA GeForce GTX 1660, Super Pegasus, 6GB, GDDR6 - NE6166S018J9-161F;†1.869,15;
282;Placa De V√≠deo Galax NVIDIA RTX 4070, 12GB, GDDR6X, 192bits, Ex Gamer, Ros√©.;†5.998,01;
283;Placa de V√≠deo Asus AMD Radeon RX 6600 Dual, 8GB GDDR6 - DUALRX66008G;†3.080,00;
284;Placa de V√≠deo Afox NVIDIA GeForce GT420, 2GB DDR3 - AF420-2048D3L2;†429,99;
285;Extensor Placa Riser Knup Kp-pl906, Pci-e 009s, Cabo USB 3.0 Vermelho;†63,75;
286;Placa de V√≠deo Afox AMD Radeon RX 550, 4GB GDDR5, 128 Bits - AFRX550-4096D5H4-V6;†665,73;
287;Placa de V√≠deo Afox NVIDIA GeForce GT 1030, 2GB DDR5 - AF1030-2048D5L4;†589,99;
288;Placa de V√≠deo PNY Nvidia Rtx 4070 Ti, 12GB RAM, RGB, Arquitetura Ada Lovelace - Vcg4070t12tfxxpb1-o;†6.800,45;
289;Placa de V√≠deo Afox NVIDIA GeForce GTX 750TI, 4GB GDDR5;†841,00;
290;Placa de V√≠deo Afox NVIDIA GeForce GT210, 1GB DDR3, 64 Bits, VGA/HDMI/DVI, Low Profile - AF210-1024D3L5;†231,90;
291;Placa De Video Msi  Rtx 4090 Gaming Trio 24GB 356bit Gdd6 - 912-v510-014;†15.985,24;
292;Placa de V√≠deo PNY NVIDIA GeForce Quadro T1000, 4GB GDDR6, 128 Bits, MDP - VCNT1000-PORPB;†2.827,51;
293;Placa De V√≠deo Gainward, Nvidia Rtx 4080, 16GB, Phoenix GDDR6x, 256bits - Ned4080019t2-1032x;†9.774,95;
294;Placa de V√≠deo Colorful NVIDIA GeForce GTX 1630, 4GB GDDR6 - NB 4GD6-V;†923,12;
295;Placa de V√≠deo Palit NVIDIA GeForce RTX 3080 Gamerock, 10GB GDDR6X, LHR, ARGB, 320 Bits - NED3080U19IA-1020G V1;†4.559,90;
296;Suporte Para Placa De V√≠deo Sincroniza√ß√£o Argb - Branco - Colorful;†284,05;
297;Placa de V√≠deo Afox AMD Radeon RX 560, 4GB DDR5, 128 Bits, ATX Dual FAN, HDMI, DVI - AFRX560-4096D5H4;†1.330,67;
298;Placa de V√≠deo Gigabyte NVIDIA GeForce GTX 1650 D6 OC, 4GB GDDR6, REV 2.0, 128 Bits - GVN1656OC4GD;†1.099,99;
299;Placa de V√≠deo Galax NVIDIA GeForce GT 1030, 2GB DDR5, 64 Bits, 6008mhz - 30NPH4HVQ4ST;†589,00;
300;Placa de V√≠deo MSI Nvidia Rtx 4070 Ti, 12GB RAM, Gr√°ficos com Intelig√™ncia Artificial - 912-v513-008;†6.165,19;
301;Placa de V√≠deo Palit NVIDIA GeForce RTX 3050 Dual, 8GB GDDR6, LHR, DLSS, Ray Tracing - NE63050019P1;†3.280,37;
302;Placa de V√≠deo PCYes NVIDIA GeForce GTX 1660 TI, 6GB GDDR6, 192 Bits, DVI/HDMI/DP - PA1660TI6GR6FS;†1.899,99;
303;Placa de V√≠deo Knup NVIDIA GeForce GT730, 2GB DDR3, 128 Bits, VGA/HDMI/DVI - KP-GT730/AB;†491,84;
304;Placa De Video BRX, Nvidia RTX 2060s, 8GB, GDDR 6, 256Bit, VGA - Rtx2060s-8g-2176sp;†2.358,32;
305;Placa de V√≠deo Asus GeForce RTX 3080 10GB;†17.999,10;
306;Placa de V√≠deo PowerColor AMD Red Devil RX 6700XT, 12GB GDDR6, HDMI - AXRX 6700XT 12GBD6-3DHE/OC;†10.635,11;
307;Placa de V√≠deo Galax NVIDIA GeForce RTX 3090 TI EX Gamer, 24GB GDDR6X, 384 Bits - 39IXM5MD6HEX;†20.990,00;
308;Placa de V√≠deo Colorful NVIDIA GeForce GTX 1660 Super NB V2-V, 6GB GDDR6, 192 Bits;†4.499,99;
309;Placa de V√≠deo XFX AMD RX 580 Red Dragon, 8GB GDDR5 - 8GBD5-DHDV2/OC;†4.999,00;
310;Placa de V√≠deo Afox NVIDIA GeForce GT 420, 4GB GDDR3 - AF420-4096D3L5;†631,79;
311;Placa de V√≠deo Galax NVIDIA GeForce GTX 1050 TI OC, 4GB GDDR5 - 50IQH8DSQ3DD;†2.099,00;
312;Placa de V√≠deo Galax NVIDIA GeForce GTX 1660, 6GB GDDR5, 1-Click OC - 60SRH7DSY91C;†1.617,30;
313;Placa de V√≠deo Afox AMD Radeon R5 230, 1GB DDR3, Low Profile - AFR5230-1024D3L4;†228,88;
314;Placa de V√≠deo PCYes NVIDIA GeForce GT 710, 2GB DDR3, 64 Bits - PA710GT6402D3LP;†417,94;
315;Placa de V√≠deo PNY NVIDIA GeForce Quadro RTX A2000, 12GB, 192 Bits;†4.446,72;
316;Placa de V√≠deo PNY NVIDIA GeForce GTX 1650, 4GB GDDR6, 128 Bits, Single FAN - VCG16504D6SFMPB1;†934,15;
317;Placa de V√≠deo Galax NVIDIA RTX 4070 EX Gamer, 12GB GDDR6X, 192 Bits - 47NOM7MD7JEG;†5.996,00;
318;Placa de V√≠deo Knup NVIDIA GeForce GTX550TI, 1GB DDR5, HDMI, VGA, PCI-E 2.0 - KP-GTX550TI;†429,80;
319;Placa de V√≠deo MSI NVIDIA GeForce RTX 3060 Gaming, 12GB GDDR6 - 912-V390-245;†3.852,28;
320;Placa de V√≠deo Gigabyte NVIDIA GeForce RTX 2060 D6, 6GB GDDR6, 192 Bits;†5.091,49;
321;Placa De V√≠deo Nvidia Msi Geforce RTX 3060 Ti Ventus 3x Oc Lhr, 8GB DDR6, 256 Bits - 912-v397-246;†3.020,07;
322;Placa de V√≠deo PCYes AMD RX 6600. 8GB GDDR6. 128 Bits, Graffiti;†2.245,45;
323;Placa De V√≠deo Pcyes Geforce GTX 750 Ti, 2GB, GDDR5, 128 Bits, Dual Fan, Pj750tir5df;†751,43;
324;Placa de V√≠deo Galax NVIDIA GeForce GTX 1660 Super, 6GB GDDR6, 192 Bits - 60SRL7DSY91S;†1.921,37;
325;Placa de V√≠deo MSI NVIDIA GeForce GPU NV RTX3060TI Ventus 2X OC, 8GB GDDR6, LHR, 256 Bits - 912-V397-232;†3.350,90;
326;Placa de V√≠deo AMD PowerColor Radeon RX580, 8GB GDD5, Red Devil, 256 Bits - AXRX580 8GBD5-3DH/OC;†4.499,00;
327;Placa De Video Asus Radeon Rx 6700xt Oc 12GB GDDR6 256 Bits - Rog-strix-rx6700xt-o12g-gaming;†3.299,90;
328;Placa de V√≠deo MSI Nvidia Rtx 4070 Ti, 12GB RAM, Gr√°ficos com Intelig√™ncia Artificial - 912-v513001;†7.158,92;
329;Placa De V√≠deo Nvidia Zotac, Geforce Rtx 3060, Ti Twin Edge, 8GB, DDR6, 256 Bits - ZT-A30620E-10P;†2.898,63;
330;Placa de V√≠deo Palit NVIDIA GeForce GTX 1050 TI Stormx, 4GB GDDR5, 128 Bits - NE5105T018G1-1070F;†894,90;
331;Placa de V√≠deo Colorful NVIDIA GeForce GT 1030, 2GB GDDR4, V6-V, 64 Bits;†650,32;
332;Placa de V√≠deo PCYes AMD Radeon RX 550, 4GB, PCI Express, Freesync - PJRX550DR5128B;†799,90;
333;Placa de V√≠deo PCYes NVIDIA GeForce GPU GTX 1050, 2GB GDDR5, 128 Bits, Dual-FAN, Graffiti Series;†1.023,35;
334;Placa de V√≠deo PCYes NVIDIA GeForce GPU R5 230, 2GB DDR3, 64 Bits, Low Profile - PJR230RLP;†326,00;
335;Placa de V√≠deo Goldentec NVIDIA GeForce G210, 1GB DDR3, 64 Bits;†188,00;
336;Placa de V√≠deo Colorful NVIDIA GeForce RTX 3080, 10GB GDDR6X, LHR, DLSS, G-Sync, Ray Tracing;†4.399,12;
337;Placa de V√≠deo Afox NVIDIA GeForce GT 730, 2GB DDR3, 128 Bits, Low Profile, HDMI/DVI/VGA - AF730-2048D3L6;†399,00;
338;Placa De V√≠deo Storm-z Gt210 1GB 64bits Ddr3;†179,50;
339;Placa De V√≠deo RTX 4090 Palit Nvidia, Geforce Gamerock, 24GB, GDDR6x, 384 Bits, RGB, HDMI E DP, Dlss, Ray Tracing - Ned4090019sb-1020g;†16.999,90;
340;Placa de V√≠deo Gainward NVIDIA GeForce GTX 1050 TI, 4GB GDDR5, 128 Bits - NE5105T018G1-1070F;†1.447,78;
341;Placa de V√≠deo Galax NVIDIA GeForce RTX 2060 Plus, 6GB GDDR6 - 26NRL7HP68CX;†2.735,52;
342;Placa de V√≠deo RTX 3060 Ti 8G Mini V2 Asus Dual NVIDIA Geforce, 8GB GDDR6, RGB, LHR, DLSS, Ray Tracing - DUAL-RTX3060TI-8G-MINI-V2;†2.599,99;
343;Placa De V√≠deo Nvidia Geforce GT210, 1GB, Pci-Express 2.0, DDR3;†263,99;
344;Placa De V√≠deo Pny Nvidia, Quadro RTX A4500, 20GB, GDDR6 - Vcnrtxa4500-Pb;†10.490,98;
345;Placa de V√≠deo PCYes AMD Radeon R5 230, 2GB DDR3, 64 Bits - PA230DR364LP;†227,83;
346;Placa de V√≠deo Palit NVIDIA GeForce GTX 1650 GP OC, 4GB GDDR6, 128 Bits - NE61650S1BG1-1175A;†3.299,99;
347;Placa de V√≠deo PNY NVIDIA GeForce Quadro T1000, 8GB GDDR6 - VCNT10008GB-PB;†3.770,02;
348;Placa de V√≠deo PCYes NVIDIA GeForce GT740, 4GB GDD5, 128 Bits;†649,80;
349;Gpu Nv Gtx1650, Ventus Xs Oc 4GB, 128bit, Ddr6 - Msi 912-v809-3445;†1.279,00;
350;Placa de V√≠deo Afox NVIDIA GeForce GTX750, 2GB GDDR5, 128 Bits, HDMI, DVI, VGA - AF750-2048D5L4;†848,30;
351;Placa de V√≠deo Gainward NVIDIA GeForce RTX 3060 Ghost 190AU, 12GB GDDR6, 192 Bits, Dual FAN - NE63060019K9;†2.099,89;
352;Placa De V√≠deo Pcyes Nvidia, Geforce GTX 750 Ti, GDDR5 2GB, 128bits, Dual Fan - Pj750tir5df 3568;†812,75;
353;Placa de V√≠deo Asus NVIDIA GeForce GTX 1660 TI O6G EVO OC TUF Gaming, 6GB GDDR6, Preto - 90YV0CT7-M0NA00;†4.690,80;
354;Placa de V√≠deo Duex NVIDIA GeForce G 210, 1GB DDR3 - G210LP-1GD3;†179,90;
355;Placa De V√≠deo Powercolor, Red Devil Amd Radeon‚Ñ¢ Rx 6900 Xt Ultimate 16GB Gddr6 Axrx 6900 Xtu 16GBd6-3dhe/oc.;†6.657,34;
356;Placa de V√≠deo Asus NVIDIA GeForce GTX1650, 4GB DDR6, Displayport, DVI, HDMI - 90YV0EZ0-M0NA00;†1.048,90;
357;Placa de V√≠deo Palit NVIDIA GeForce RTX 3080 Gamingpro, 10GB GDDR6X - NED3080019IA-132AA;†9.157,90;
358;Placa de v√≠deo MSI NVIDIA RTX 4070 GDDR6x Ventus 2X, OC, Ray Tracing, 192 Bits - 912-v513-063;†4.850,90;
359;Radeon Rx 550 4GB 128bits Pcwinmax Rx550-4gd5 GDDR5;†715,83;
360;Placa de V√≠deo Galax NVIDIA GeForce RTX 3070, 8GB RAM, LHR, 1-Click OC - 37NSL6MD2KCH;†4.205,43;
361;Placa de V√≠deo Galax NVIDIA GeForce GT 1030, 2GB DDR4, 64 Bits, DVI-D/HDMI;†1.249,99;
362;Placa De Video Gt610 2gb Ddr3 64bits Bp-gt610-2gd3t1 Blucase;†339,98;
363;Placa de V√≠deo Galax NVIDIA GeForce RTX 3060 TI, 8GB GDDR6, LHR, 1-Click OC, 256 Bits - 36ISL6MD1VQ;†2.699,00;
364;Placa De V√≠deo Galax NVIDIA GeForce RTX 4070, 12GB, GDDR6X, Ex Gamer, White - 47NOM7MD7KWH;†5.912,32;
365;Placa de V√≠deo PCYes NVIDIA GeForce GTX 1650 Super, 4GB GDDR6, 128 Bits;†2.183,88;
366;Placa De V√≠deo Pcyes Nvidia Geforce Gtx 1650 Graffiti Series, 4GB GDDR6, 128 Bits - PAX1650GT128DR64;†1.335,50;
367;Placa de V√≠deo Asus AMD, 12GB GDDR6 - TUF-RX6700XT-O12G-GAMING;†3.649,90;
368;Placa Gr√°fica Nvidia Quadro K600 1gb Ddr3 128bits - Pny Vcqk600-pb;†1.155,99;
369;Placa de V√≠deo Gainward NVIDIA GeForce RTX 4080, 16GB DDR6, 256 Bits;†11.264,09;
370;Placa de V√≠deo Asus NVIDIA GeForce GTX 1650 OC Edition Phoenix, 4GB GDDR6 - PH-GTX1650-O4GD6-P;†3.095,73;
371;Placa De V√≠deo Afox Geforce Gt610 2gb, Ddr3, 64 Bits, Low Profile, Hdmi/dvi/vga - Af610-2048d3l7-v5;†299,90;
372;Placa de V√≠deo Colorful NVIDIA GeForce GT 710, 1GB DDR3;†245,52;
373;Placa de V√≠deo PNY NVIDIA GeForce RTX 3060 Revel EPIC-X GPU, 12GB GDDR6, RGB, 192 Bits, Single FAN - VCG306012SFXPPBT;†6.897,23;
374;Placa de V√≠deo Dex AMD R7 240, 2GB DDR5, 128 Bits, VGA/DVI/HDMI - PV-04A;†549,80;
375;Placa de V√≠deo PCYes AMD GPU HD 6570, 2GB GDDR3, 128 Bits, ATX, Single FAN - PJ6570HDR3SF;†557,72;
376;Placa de V√≠deo Asus NVIDIA GeForce GTX 1650 TUF Gaming OC Edition, 4GB DDR6, 128 Bits - TUF-GTX1650-O4GD6-GAMI;†3.149,10;
377;Placa de V√≠deo Asus NVIDIA GeForce GTX 1650, VGA, TUF - 04GD6-P-GAMING 90YV0EZ2-M0NA00;†1.249,90;
378;Placa de V√≠deo Afox NVIDIA GeForce GT210, 1GB DDR3 - AF210-1024D3L8;†238,54;
379;Placa de V√≠deo Afox AMD Radeon R5 220, 2GB DDR3, 64 Bits, LP, HDMI, DVI, VGA - AFR5220-2048D3L9-V2;†299,99;
380;Placa de V√≠deo Galax NVIDIA GeForce RTX 3080 HOF, 10GB GDDR6X, LHR, DLSS, Ray Tracing - 38NWM3MD3BJJ;†10.517,18;
381;Placa de V√≠deo MSI NVIDIA GeForce GTX 1050 TI 4GT OC, 4GB, At√© 3 Monitores - 912-V809-2272;†1.472,80;
382;Placa de V√≠deo Gainward NVIDIA GeForce GT 1030, 2GB DDR4, 64 Bits, Low Profile Nec - 103000646-1082F D;†708,54;
383;Placa de V√≠deo Galax NVIDIA GeForce GTX 1050 TI, 4GB GDDR5, 1Click OC Dual, 128 Bits - 50IQH8DSQ3CC;†1.455,92;
384;Placa de V√≠deo Galax NVIDIA GeForce RTX 3050, 8GB GDDR6, LHR, 1-Click OC, DLSS, Ray Tracing - 35NSL8MD6ZOC;†3.278,41;
385;Placa De V√≠deo Gainward NVIDIA GeForce RTX 3050 Ghost Series, 8GB, GDDR6, Selo LHR, 128 Bits - NE63050019P1-190AB;†2.595,51;
386;Placa De V√≠deo Galax Geforce Rtx 4070 Ti Sg 1-click Oc 12GB GDDR6x 192 Bits - 47iom7md6msg;†8.629,42;
387;Placa De V√≠deo Pny Xlr8 G.upr Epicx, Nvidia RTX 3070 Ti,  8GB, 256 bits, Oc - Vcg3070t8fxmpb1;†4.712,52;
388;Placa de V√≠deo Gainward Nvidia Rtx 4070 Ti, 12GB RAM, RGB, Constru√≠do para Transmiss√£o ao Vivo - Ned407t019k9-1043x;†5.899,90;
389;Placa de V√≠deo Afox NVIDIA GeForce GT610, 1GB DDR3, 64 Bits, LP, Single FAN, DVI, HDMI, VGA;†212,99;
390;Placa De V√≠deo Nvidia Geforce Gt610, 2GB DDR3;†409,99;
391;Placa De V√≠deo Galax, RTX 4070 Ti Ex Gamer White, 12GB, GDDR6x, 192bits;†8.071,90;
392;Placa de V√≠deo Gainward NVIDIA GeForce RTX 3060 TI Ghost, 8GB GDDR6 - NE6306T019P2-190AB;†7.117,35;
393;Placa de V√≠deo Afox NVIDIA GeForce GT 610, 2GB DDR3, HDMI, DVI, VGA, PCI-E, X16, Low Profile - AF610-2048D3L5;†324,90;
394;Placa de V√≠deo Afox NVIDIA Geforce GT740 4GB;†799,00;
395;Placa De V√≠deo Powercolor Radeon RX 6500 XT, 4GB, GDDR6 Fighter 64bits - Axrx 6500xt 4gbd6-dh/oc;†1.399,99;
396;Placa De V√≠deo Zotac Gaming, Geforce Rtx 4070 Twin Edge, 12GB, Gddr6x - ZT-D40700E-10M;†4.487,92;
397;Placa de V√≠deo Gigabyte NVIDIA GeForce GTX 1660 OC, 6GB GDDR5, 192 Bits, HDMI e 3DP - GV-N1660OC-6GD;†4.569,90;
398;Placa de V√≠deo Afox NVIDIA GeForce GTX750TI, 2GB GDDR5, 128 Bits, HDMI/DVI/VGA - AF750TI-2048D5H5-V2;†589,90;
399;Gt 1030 2GB 64bits Pcwinmax Gt1030-2gd5 DDR5;†597,40;
400;Placa de V√≠deo Afox AMD R5 220 Radeon, 2GB, Low Profile - AFR5220-2048D3L9-V2;†249,00;
401;Placa De V√≠deo Storm-z, Gt730, 4GB, 128 Bits, Ddr3;†369,71;
402;Placa de V√≠deo PowerColor AMD RX 550 Radeon, 4GB DDR5 - AXRX 550 4GBD5-DH;†1.149,00;
403;Placa De V√≠deo Afox Gt610 2GB DDR3- Af610-2048d3l7-v6;†219,90;
404;Placa de V√≠deo Galax, NVIDIA GeForce RTX 3050 V2, 8GB GDDR6, LHR, 1-Click OC, DLSS, Ray Tracing - 35NSL8MD5YBP;†2.549,99;
405;Placa de V√≠deo Asus NVIDIA GeForce GT 1030 OC, 2GB GDDR5 - GT1030-SL-2G-BRK;†1.199,00;
406;Placa de V√≠deo Galax NVIDIA GeForce RTX 4080 SG, 16GB GDDR6X, 1-Click OC, 256 Bits - 48NZM6MD6LSG;†9.799,00;
407;Placa de V√≠deo Colorful NVIDIA GeForce GT 1030, 2GB GDDR4, 64 Bits;†599,00;
408;Placa de V√≠deo Gainward NVIDIA GeForce RTX 3060 Ghost OC, 12GB GDDR6, 192 Bits - NE63060T19K9-190AU;†2.209,15;
409;Placa de V√≠deo Asus NVIDIA GeForce RTX 3080 TI, 12GB DDR6X - TUF-RTX3080TI-O12G-GAMING;†16.253,24;
410;Placa de V√≠deo Afox AMD Radeon R5 230, 1GB DDR3, 64 Bits, LP Heatsink, HDMI, DVI, VGA - AFR5230-1024D;†188,90;
411;Placa de V√≠deo Afox NVIDIA GeForce GT610, 2GB DDR3 - AF610-2048D3L5;†226,79;
412;Placa De V√≠deo MSI NVIDIA GeForce Ventus XS GTX 1650, 4GB, 128 Bits - 912-v809-3060;†1.428,21;
413;Placa de V√≠deo Palit NVIDIA GeForce GTX 1660 Super GP, 6GB GDDR6, 192 Bits - NE6166S018J9-1160A-1;†5.498,10;
414;Placa de V√≠deo Afox AMD Radeon R5 220, 2GB DDR3, 64 Bits - AFR5220-2048D3L9-V2;†247,19;
415;Cabo Riser Pci-e 3.0 X16 Thermaltake Premium - Ac-045-cn1otn-c1;†610,61;
416;Placa De V√≠deo Power Color, AMD Radeon Rx 7900 Xtx, 24GB GDDR6 384bits - 24g-l/oc;†9.366,21;
417;Placa de V√≠deo RTX 4070Ti ROG Strix Asus NVIDIA GeForce, 12 GB GDDR6X, ARGB, DLSS 3, Ray Tracing, Preto - ROG-STRIX-RTX4070TI-12G-GAMING;†6.779,99;
418;Placa de V√≠deo Colorful NVIDIA GeForce RTX 3070 Ultra W OC Igame, 8GB GDDR6, LHR-V, 256 Bits;†4.400,00;
419;Placa De V√≠deo Palit Nvidia Geforce RTX 4080 Gamerrock, 16GB, GDDR6;†8.999,90;
420;Placa de V√≠deo Afox NVIDIA GeForce GT1030, 2GB DDR5, 64 Bits, Low Profile, HDMI/DVI - AF1030-2048D5L5-V2;†683,10;
421;Placa de V√≠deo Galax NVIDIA GeForce GTX 1660TI OC, 6GB GDDR, 1-Click - 60IRL7DSY91C;†1.837,24;
422;Placa de V√≠deo PCYes AMD R5 220, 1GB DDR3, 64 Bits, Low Profile - PJ220R364;†245,18;
423;Placa de V√≠deo Afox NVIDIA GeForce GT 730, 4GB DDR3, 128 Bits - Z - AF730-4096D3L4;†399,90;
424;Placa de V√≠deo MSI NVIDIA GeForce RTX 3050 Ventus 2X OC, 8GB GDDR6, 128 Bits;†3.380,86;
425;Placa De V√≠deo Rtx 3060 ti, Galax, 8 GB, Gddr6 - 36isl6md1vdd;†3.686,08;
426;Placa de V√≠deo PowerColor AMD Radeon RedDragon RX 550, 2GB DDR5, Preto - 2GBD5-DH;†1.227,08;
427;Placa de V√≠deo Duex NVIDIA GeForce GTX 1060, 3GB GDDR5, 192 Bits - Z-DX-GTX1060-3GD5;†1.290,00;
428;Placa de V√≠deo Galax NVIDIA GeForce RTX 3080 Serious Gaming, 10GB, LHR, RGB, DLSS, Ray Tracing - 38NWM3MD99RG;†8.876,34;
429;Gpu Nv Gtx1650, 4GB, GDDR5, Ventus Xs Ocv1, Msi 912-v809-3466;†1.681,69;
430;Placa de V√≠deo PNY NVIDIA GeForce, RTXA2000 - VCNRTXA2000-PB I;†3.258,45;
431;Placa de V√≠deo Palit NVIDIA GeForce RTX 3060 Dual, 12GB GDDR6, LHR, 192 Bits, DLSS, Ray Tracing - NE63060019K9-190A;†2.704,71;
432;Placa de V√≠deo PNY NVIDIA GeForce Quadro Turing T1000, 4GB GDDR6, 128 Bits, DP - VCNT1000-PB;†2.457,25;
433;Placa de V√≠deo PCYes NVIDIA GeForce GT 1030, 2GB GDDR5, 64 Bits - PJGT1030DR5;†619,24;
434;Placa de V√≠deo Afox AMD Radeon R5 230, 2GB DDR3, Low Profile - AFR5230-2048D3L4;†305,88;
435;Placa de V√≠deo Galax NVIDIA GeForce RTX 3080 TI SG, 12GB GDDR6X, 1 Click OC - 38IOM5MD99DD;†17.998,20;
436;Placa de V√≠deo Duex NVIDIA GeForce GT1030, 2GB DDR5;†539,90;
437;Placa de V√≠deo Colorful NVIDIA GeForce G-C1030, 2GB DDR4, V5-VPLAC, HDMI, VGA;†653,34;
438;Placa de V√≠deo Gigabyte NVIDIA GeForce GTX 1050 TI, 4GB GDDR5, 128 Bits - GV-N105TOC-4GD;†2.294,99;
439;Placa de V√≠deo Asus NVIDIA GeForce RTX 2060, 12GB GDDR6, 128 Bits - DUAL-RTX2060-O12G-EVO;†4.858,19;
440;Placa de V√≠deo Afox NVIDIA GeForce GT730, 4GB DDR3, 128 Bits, HDMI, DVI, VGA - AF730-4096D3L6;†494,10;
441;Placa de V√≠deo Afox AMD R5 220 Radeon, 1GB - AFR5220-1024D3L9-V2;†223,24;
442;Placa De V√≠deo Pcyes NVIDIA GeForce GTX 1050 TI, 4GB GDDR5;†1.185,04;
443;Placa De V√≠deo Zotac Nvidia, Geforce RTX3070, Zt-a30710d-10p I;†7.886,87;
444;Placa de V√≠deo Knup NVIDIA GeForce Revenger GTX 750, 2GB, VGA, DVI, HDMI - GTX750/2G;†899,80;
445;Placa de V√≠deo Asus AMD RX6500 XT, 4GB, 64 Bits, Dual;†1.909,80;
446;Placa De V√≠deo Nvidia Geforce Rtx 4070 Gigabyte Eagle, 12gb, Gddr6x, 192bits Gv-n4070eagle Oc-12gd;†5.428,00;
447;Placa De V√≠deo Zotac Trinity Nvidia Rtx 4080,16GB, 256bits, Oc;†12.050,91;
448;Placa De V√≠deo Msi Nvidia, Ventus 2X RTX 4070, 12GB, 192Bits, OC - 912-V513-063;†6.331,41;
449;Placa de V√≠deo RX 7600 Phantom OC AMD Gaming,  8GB GDDR6 - 90-GA4BZZ-00UANF;†2.209,99;
450;Placa De V√≠deo Gainward, Nvidia RTX 3050, 8GB, GDDR6, 128bits, Pegasus Series - Ne63050018p1-1070e;†2.425,50;
451;Placa de V√≠deo Knup NVIDIA GeForce, 2GB DDR3, 64 Bits, VGA, HDMI, Para PC - KP-GT730/BB;†549,80;
452;Placa de V√≠deo Knup NVIDIA GeForce Gamer Revenger GT 740, 2GB DDR5, VGA, DVI, HDMI - GT740/2G;†699,80;
453;Placa De Video Geforce X3w, RTX 3070 8GB, Ax 1755MHZ, GDDR6, HDMI+dp*3 Lhr;†4.400,00;
454;Placa de V√≠deo MSI NVIDIA GeForce RTX 3060TI Twin FAN OC Edition, 8GB;†4.559,97;
455;Placa De V√≠deo Pcyes Nvidia Geforce GT 740, 4GB, GDDR5, 128Bits, Single Fan - Pvgt7404gbr5128;†640,00;
456;Placa De V√≠deo Nvidia Msi Geforce RTX 4080 Gaming X Trio 16GB DDR6, 256 Bits - 912-v511-046;†8.762,95;
457;Placa De V√≠deo Palit Nvidia Geforce RTX 4080 Gamerrock, 16GB, GDDR6;†9.949,90;
458;Placa De V√≠deo Power Color AMD Radeon Rx 7900 Xt 20GB GDDR6 320bits - 20g-l/oc;†7.304,41;
459;Placa de V√≠deo XFX AMD Radeon Speedster RX, 8GB;†2.159,43;
460;Placa De V√≠deo Power Color AMD Radeon Rx 7900 Xt 20GB GDDR6 320bits - 20g-l/oc;†7.304,41;
461;Placa De V√≠deo Zotac, Gpu Nv RTX4080 16GB, Trinity, GDDR6x, 256bits - Zt-D40810d-10p;†11.290,39;
462;Placa de V√≠deo Palit NVIDIA GeForce GTX 1630 Dual, 4GB GDDR6, 64 Bits - NE6163001BG6-1175D;†962,90;
463;Placa de V√≠deo Afox NVIDIA GeForce GT730, 2GB DDR3, HDMI/DVI/VGA;†387,11;
464;Placa De V√≠deo MSI, GPU Nvidia RTX3050, 8GB, DDR6, Ventus 2x Oc V1 - 912-V500-008;†1.979,90;
465;Placa de V√≠deo Knup NVIDIA GeForce Revenger GTX 750TI Gamer, 2GB DDR5, DVI, VGA, HDMI - GTX750TI/2G;†999,80;
466;Placa de V√≠deo DEX NVIDIA GeForce GTX 750TI 700 Series, 2GB DDR5 - PV-07;†1.199,80;
467;Placa De V√≠deo Powercolor Radeon Rx 6500 Xt 4GB, GDDR6, Fsr, Ray Tracing - Axrx 6500 Xt 4gbd6-dh;†2.580,00;
468;Placa De Video X3w Geforce Rtx 3090, 24GB, Ax 1890mhz, Gddr6x, HDMI+dp*3;†9.560,00;
469;Placa De V√≠deo Sapphire, VGA 8GB Gddr6, RX 6600 Xt Multi, 2593mhz, Gaming Oc;†3.080,00;
470;Placa De Video Inno3d VGA 8GB, RTX 3070 Inno3d, 1770MHZ, Twin X2 Oc, GDDR6, 14GBPS, LHR;†4.400,00;
471;Bloco VGA Barrow Para 1660ti, 2060 E 2070 Evga - Bs-nvg2070-pa;†650,00;
472;Bloco Vga Barrow Para Rtx 3080, 3080 Ti E 3090 Aorus - Bs-gix3090-pa2;†1.199,00;
473;Bloco Vga Barrow Para Rtx 3060ti E 3070 Asus Strix - Bs-ass3070-pa;†1.150,00;
474;Placa De Video Xfx 16GB AMD Rx6800 GDDR6 Speedster Swft319 - Rx68xlaqfd9;†4.668,00;
475;Placa De V√≠deo BRX, RTX 3060 M, 12GB, GDDR 6, 192Bit, VGA;†2.998,33;
476;Placa De V√≠deo BRX AMD R5 240, 2GB, GDDR 3, 128Bit;†339,95;
477;Placa de V√≠deo MSI NVIDIA GeForce RTX 3090TI Gaming X Trio, 24GB GDDR6X, DLSS, Ray Tracing, 384 Bits - 912-V509-008;†12.239,10;
478;Placa De V√≠deo Afox GT 1030, 2GB, DDR5;†894,11;
479;Placa De V√≠deo Pny GeForce NVIDIA RTX3060, 12GB, GDDR6, 192b, Verto - Vcg306012dfbpb1;†2.473,55;
480;Placa de V√≠deo Palit NVIDIA GeForce GT 1030, 2GB DDR4, 64 Bits, DVI, HDMI - NEC103000646-1082F;†498,90;
481;Placa De V√≠deo Palit Gamingpro Rtx 3080 - 12GB, 384 BITS;†4.949,90;
482;Placa De V√≠deo Msi Ventus 3x, Nvidia RTX 4080, 16GB GDDR6X, 256bits, Oc;†10.300,41;
483;Placa De Video Gainward, RTX3050 8GB, Ghost G6, 128b  - Ne63050018p1-1070b;†2.639,64;
484;Placa De V√≠deo Gainward Ne63060019p1-190ae Nvidia RTX 3060 Pegasus 8GB 128bits;†2.412,31;
485;Placa De V√≠deo Galax 1 Click Oc, Nvidia Geforce RTX 4060TI, 8GB GDDR6, 128bits - 46ISL8MD8COC;†3.921,90;
486;Placa de V√≠deo RX 7600 Steel Legend ASRock AMD Radeon, 8GB GDDR6,  ARGB - 90-GA4DZZ-00UANF;†2.209,99;
487;Placa de V√≠deo RX 7600 Series Graphics Cards XFX AMD Radeon, 8GB GDDR6 - RX-76PSWFTFY;†2.359,99;
488;Placa de V√≠deo Galax NVIDIA GeForce RTX3060TI Plus, 8GB SG GDDR6X, 256 bits - 36ISM6MD1GSP;†3.216,76;
489;Placa De V√≠deo PNY Nvidia RTX4080, 16GB, GDDR6x, 256bits, Triple Fan Pny - VCG408016TFXMPB;†11.544,26;
490;Placa De Video Zotac, Geforce Rtx 4090, 24Gb, GDDR6x 348bit - Zt-d40900d-10p;†14.790,00;
491;Placa De V√≠deo Pny Nvidia Rtx 3060, 12GB G6 192 Bits Verto - VCG306012DFBPB1;†2.929,03;
492;Water Cooler Nzxt Kraken Elite 280 ARGB, Com Display LCD, Intel e AMD, 280mm, Branco;†2.883,90;
493;Placa De Video Zotac Gaming, GeForce RTX 4060TI, 8GB GDDR6, 128-BIT, Twin Edge - ZT-D40610E-10M;†3.402,60;
494;Placa De V√≠deo Afox Geforce GTX 750, 4GB GDDR5, 128 Bits, Single Fan, Dvi Vga HDMI - Af750-4096d5h6;†1.540,00;
495;Placa de V√≠deo Colorful VGA 8GB, RTX 3070 V2 Geforce, 1725mhz, Gddr6 Lhr;†5.500,00;
496;Placa de V√≠deo Geforce G210 1GB GDDR3 64bits - Low Profile - Bluecase Bp-g210-1gd3dbx;†286,99;
497;Placa De V√≠deo Zotac Geforce RTX 4080 Trinity Oc, 16GB, GDDR6x, Dlss Ray Tracing - Zt-D40810j-10p;†8.863,27;
498;Placa De V√≠deo RTX 2060 Pcwinmax Nvidia Geforce, 12GB, GDDR6, 192Bits, Directx 12;†1.999,00;
499;Placa De V√≠deo Pny Nvidia Quadro RTX A5500, 24GB, 384bits;†18.187,03;
500;Placa De V√≠deo Gainward, Nvidia RTX4070, 12GB, Ghost Oc G6x, 192bits - Ned4070s19k9-1047b;†5.141,97;
501;Placa De V√≠deo Gainward NVIDIA GeForce RTX 4080 Phantom GS, 16GB GDDR6X, 256 Bits, HDMI E DP, DLSS, Ray Tracing - NED4080S19T2-1030P;†11.576,93;
502;Placa De V√≠deo Quadro RTX A6000 Pny Nvidia, 48GB, 384bits;†41.925,90;
503;Placa De Video Asus Geforce Gtx 1660ti Evo 6GB GDDR6 192 Bits - Tuf-gtx1660ti-t6g-evo-gaming;†5.164,11;
504;Placa De V√≠deo Pny Nvidia Quadro RTX A5500, 24GB, 384bits;†18.187,03;
505;Placa De V√≠deo Pcyes Radeon Rx550, 4GB, GDDR5, 128 Bits, Graffiti Series - Pjrx5504ggr5df;†665,60;
506;Placa de V√≠deo, Msi, GPU Nvidia RTX3060, 8GB GDDR6, Ventus 2x Oc - 912-v397-646;†2.301,90;
507;Placa De Video Gtx1650 4gb Gddr6 Pny  Hdmi/dp Vcg16504d6dfppb;†1.057,67;
508;Placa de V√≠deo PNY NVIDIA GeForce Quadro RTX A2000, 6GB GDDR6, 192 Bits, MDP - VCNRTXA2000-PORPB;†4.927,07;
509;Placa De Video Afox Af750-4096d5l4v2 4GB GTX 750 DDR5 128bit VGA/DVI/HDMI;†919,00;
510;Teclado Semi Mec√¢nico Knup Gamer, RGB, Membrana Multim√≠dia - Abnt2;†79,99;
511;Placa De Video Pny Quadro RTX A2000 6GB, Gddr6, 4x Mdp, Vcnrtxa2000-pb;†3.964,91;
512;Placa De V√≠deo Colorful, RTX 3060ti 8GB, Duo V2 1410MHZ GDDR6 LHR;†3.349,00;
513;Placa de V√≠deo Asus AMD RX 6700XT, 12GB, 192 Bits, Dual;†4.749,00;
514;Placa de V√≠deo Geforce Rtx 3080 10GB GDDR6x 320bits - Selo Lhr - Pny Xlr8 Revel Epic-x- Vcg308010ltfxppb;†8.809,99;
515;Placa De V√≠deo Gt610, 2GB, DDR3, 64bits;†288,20;
516;Placa De Video Evolut Gpu, GTX 1650, 4GB, GDDR6, 128 Bit, Dual Fan;†1.240,00;
517;Placa De V√≠deo Nvidia Msi Gt 710 2G DDR3, 64 Bits Low Profile - 912-v809-2024;†375,67;
518;Placa De V√≠deo Nvidia Zotac Geforce RTX 4090 Trinity Oc, 24GB DDR6, 384 Bits - Zt-d40900j-10p;†12.275,03;
519;Placa De V√≠deo Galax Ex, Nvidia Geforce RTX 4060TI, 8GB GDDR6, 128bits - 46isl8md8aex;†3.499,90;
520;Placa De Video Zotac Gaming, Geforce RTX4070, Twin Edge DLSS 3, 12GB, GDDR6x, 192-Bit - Zt-D40700e-10m;†5.888,92;
521;Placa de V√≠deo Gpu Nv Rtx3060 Pny, 8GB G6, Dual Fan 128b, Verto Pny Vcg30608dfbpb1*;†3.029,78;
522;Placa De V√≠deo Msi Ventus, 2x Nvidia Rtx 3060 - 12GB, 192bits;†2.828,61;
523;Placa De V√≠deo PNY Nvidia RTX 4090, 24GB, GDDR6x, 384bits, Triple Fan - Vcg409024tfxmpb;†14.210,00;
524;Placa De V√≠deo Gainward, Nvidia RTX4070 12GB, Ghost GDDR6X, 192bits - Ned4070019k9-1047b;†4.900,17;
525;Placa de V√≠deo, Msi, GPU Nvidia RTX3050 8GB DDR6, Aero Itx Oc - 912-v809-4041 *;†1.996,92;
526;Placa de V√≠deo RTX 3060 Inno3d Geforce Twin X2, Nvidia, 12GB, GDDR6, 192 Bits - N30602-12d6-119032ah;†3.024,25;
527;Placa de V√≠deo RTX 3060 TI, Inno3d Geforce Twin X2 LHR, Nvidia, 8GB, GDDR6, 256 Bits - N306t2-08d6-119032dh;†2.583,02;
528;Placa De V√≠deo Msi, Nvidia, Geforce RTX 4080, 16GB, 256 Bit, GDDR6x;†8.456,71;
529;Placa De V√≠deo Pny Nvidia Quadro, RTX A4500, 20GB, 320bits, HDR;†13.919,31;
530;Placa de V√≠deo RX 7600 Challenger ASRock AMD Radeon,  8GB GDDR6 - 90-GA41ZZ-00UANF;†2.099,99;
531;Placa De V√≠deo Pcyes Nvidia Geforce GTX 1650, 4GB, DDR6, 128 Bits - Pvgtx16504gbr6128;†1.116,65;
532;Placa de V√≠deo 1GB MSI GeForce GT 710 DDR3 64Bits - GT 710 1GD3H LP - ESP;†329,91;
533;Placa de V√≠deo PCYes NVIDIA GeForce GT 1030, 2GB GDDR5;†838,88;
534;Placa de V√≠deo Asus NVIDIA GeForce RTX 3060 OC Edition, 12GB GDDR6, 192 Bits - DUAL-RTX3060-O12G;†6.999,00;
535;Placa de V√≠deo Asus NVIDIA GeForce RTX 2060, 6GB GDDR6, 192 Bits - DUAL-RTX2060-O6G-EVO;†4.942,49;
536;Placa de V√≠deo PCYes AMD Radeon RX550, 4GB GDDR5, 128 Bits, Graffiti Series - PJRX550R5SF;†1.634,86;
537;Placa de V√≠deo Galax NVIDIA GeForce RTX 3080 SG, 10GB GDDR6X, 1-Click OC - 38NWM3MD99NN;†5.973,90;
538;Placa de V√≠deo Powercolor AMD Radeon RX 550 Red Dragon, 4GB;†3.060,00;
539;Placa de V√≠deo Asus NVIDIA GeForce RTX 3060 TUF Gaming, 12GB GDDR6 - TUF-RTX3060-O12G-GAMING;†7.699,00;
540;Placa de V√≠deo Asus AMD Radeon RX 6700 XT DUAL, 12GB GDDR6 - DUAL-RX6700XT-12G;†4.749,00;
541;Placa de V√≠deo Palit NVIDIA GeForce RTX 3060 Dual OC, 12GB GDDR6, LHR, 192 Bits - NE63060T19K9-190AD;†8.549,10;
542;Placa de V√≠deo Gainward NVIDIA GeForce GTX 1660 Super, 6GB GDDR6, 192 Bits, Dual FAN;†6.291,00;
543;Placa de V√≠deo Imperiums AMD PowerColor Radeon RX550, 2GB DDR5, Directx 12;†899,99;
544;Placa Controladora Akasa Vegas Para Fitas Led - At√© 4 Dispositivos Led - Ak-rld-02;†87,54;
545;Placa de V√≠deo Afox AMD Radeon RX 550, 4GB DDR5, 128 Bits, HDMI, DVI, DP - AFRX550-4096D5H4-V4;†1.089,99;
546;Placa de V√≠deo Afox AMD Radeon RX550, 4GB DDR5 - AFRX550-4096D5H4-V5;†1.539,89;
547;Placa de V√≠deo PowerColor AMD Radeon RX 550, 4GB GDDR5, 128 Bits - 4GBD5-HLE;†665,73;
548;Placa de V√≠deo Afox NVIDIA GeForce GT730, 4GB DDR3, 128 Bits, HDMI/DVI/VGA;†388,90;
549;Placa de V√≠deo Duex NVIDIA GeForce GTX 750TI, 2GB DDR5 - GTX750TI-2GD5;†838,80;
550;Placa de V√≠deo PCYes NVIDIA GeForce GTX 1050TI, 4GB GDDR5, Graffiti Series;†2.499,90;
551;Placa de V√≠deo Afox NVIDIA GeForce GT420, 2GB GDDR3 - AF420-2048D3L2-V2 008407;†561,46;
552;Placa de V√≠deo XFX AMD RX6600XT Speedster SWFT210, 8GB GDDR6 - RX66XT8DFDQ;†3.405,68;
553;Placa de V√≠deo PNY NVIDIA GeForce Quadro RTX A2000, 6GB GDDR6;†3.599,00;
554;Placa M√£e Asus Tuf Z590 Plus Wifi  Placa M√£e;†1.861,13;
555;Placa De Video 4gb R7 240 Ddr5 128bits Vga/hdmi/dvi Pj7r240dr5 Pcyes;†483,03;
556;Bloco VGA Barrow Para Rtx 3080 (ti) E Rtx 3090 Msi Gaming Trio - Bs-msg3090m-pa;†1.199,00;
557;Placa de V√≠deo Asus NVIDIA GeForce Dual RTX3050-O8G - 90YV0HH0-M0NA00I;†15.075,01;
558;Placa de V√≠deo MSI NVIDIA GeForce Gaming X RTX 3060, 12GB, 192 Bits;†2.426,07;
559;Placa de V√≠deo PCYes NVIDIA GeForce GTX 1050 TI, 4GB GDDR5, 128 Bits, Graffiti Series - PAK1050TI4GBD5DF;†1.399,80;
560;Placa de V√≠deo RTX 4060 Gaming OC Gigabyte NVIDIA GeForce, 8GB GDDR6, RGB, DLSS, Ray Tracing - GV-N4060GAMING OC-8GD;†---;
561;Placa de V√≠deo GT 610 Pcyes NVIDIA GeForce, 2 GB DDR3, 64 Bits Low Profile Single Fan - PAKGT6102GBDR3SF;†---;
562;Placa de V√≠deo GT 740 PCYES NVIDIA GeForce, 4GB GDDR5, 128 Bits Single Fan - PVGT7404GBR5128;†---;
563;Placa de V√≠deo GTX 750 Ti Duex NVIDIA GeForce, 4GB, DDR5 - DXGTX750TI4GD5;†---;
564;Placa de V√≠deo RTX 3070 MSI Ventus 3X Plus NVIDIA GeForce, 8GB GDDR6, LHR, DLSS, Ray Tracing - GeForce RTX 3070 VENTUS 3X PLUS 8G OC LHR;†---;
565;Placa de V√≠deo RTX 4070 TUF Gaming OC Edition Asus NVIDIA GeForce, 12 GB GDDR6X, ARGB, DLSS, Ray Tracing - TUF-RTX4070-O12G-GAMING;†---;
566;Placa de V√≠deo RTX 4070 Asus OC Edition NVIDIA GeForce, 12 GB GDDR6X, DLSS 3, Ray Tracing - DUAL-RTX4070-O12G;†---;
567;Placa de V√≠deo GTX 750 Ti Duex NVIDIA GeForce, 2GB GDDR5, Full Size - DXGTX750TI2GD5;†---;
568;Placa de V√≠deo RTX 4070 Ti EX Gamer Galax NVIDIA GeForce, 12 GB GDDR6X, DLSS,  Ray Tracing, Branco - 47IOM7MD7BGW;†---;
569;Placa de V√≠deo RX 6800 Sapphire Radeon PULSE AMD Gaming, 16 Gbps, 16GB, DDR6 - 11305-02-20G;†---;
570;Placa de V√≠deo RTX 4070 Eagle OC Gigabyte GeForce, 12 GB GDDR6X, DLSS, Ray Tracing - GV-N4070EAGLE OC-12GD;†---;
571;Placa de V√≠deo RTX 4070 EX Gamer GALAX NVIDIA GeForce, 12 GB GDDR6X, DLSS, Ray Tracing, Preto - 47NOM7MD7JEG;†---;
572;Placa de V√≠deo RTX 4080 TUF Asus NVIDIA Gaming, 16 GB GDDR6X, ARGB, DLSS, Ray Tracing - TUF-RTX4080-16G-GAMING;†---;
573;"Placa de V√≠deo RTX 4090 NVIDIA Gigabyte GeForce Gaming OC, 24 GB, 	 GDDR6X,  DLSS, Ray Tracing  - GV-N4090GAMING OC-24GD";†---;
574;Placa de V√≠deo Pcyes NVIDIA GeForce G 210, 1 GB DDR3 - PVG2101GBR364LP;†---;
575;Placa de V√≠deo RTX 4080 Extreme Air ZOTAC NVIDIA GeForce, 16 GB GDDR6X, DLSS, Ray Tracing - ZT-D40810B-10P;†---;
576;Placa de V√≠deo Quadro T400 PNY NVIDIA, 4GB, GDDR6, PCIe 3.0 - VCNT4004GB-PB;†---;
577;Placa de V√≠deo GTX 1650 PNY NVIDIA GeForce, 4GB, GDDR6 - VCG16504D6DFPPB;†---;
578;Placa de V√≠deo GTX 1660 Super Gaming X MSI NVIDIA GeForce, 6GB, GDDR6 - Geforce GTX 1660 Super GAMING X;†---;
579;Placa de V√≠deo Quadro P400 PNY NVIDIA, 2GB, GDDR5 - VCQP400V2PB;†---;
580;Placa de V√≠deo Quadro T1000 PNY NVIDIA, 8GB, GDDR6, PCIe 3.0 - VCNT10008GB-PB;†---;
581;Placa de V√≠deo RTX 4070 Asus Dual NVIDIA GeForce, 12 GB GDDR6X, DLSS, Ray Tracing - DUAL-RTX4070-12G;†---;
582;Placa de V√≠deo RX 580 PowerColor Red Dragon AMD Radeon, 8GB GDDR5 - AXRX 580 8GBD5-DHD;†---;
583;Placa de V√≠deo GTX 1660 Super Twin Fan Zotac Gaming NVIDIA GeForce, 6 GB GDDR6 - ZT-T16620F-10L;†---;
584;Placa de V√≠deo RX 7900 XT AMD Radeon Power Color, 20 GB GDDR6, 20GB GDDR6 - RX7900XT 20G;†---;
585;Placa de V√≠deo Quadro RTX A5000 PNY Nvidia, 24GB GDDR6, Ray Tracing - VCNRTXA5000-PB;†---;
586;Placa de V√≠deo RX 6500 XT OC Asus AMD Radeon, 4GB GDDR6, OpenGL, Dual Fan - DUAL-RX6500XT-O4G;†---;
587;Placa de V√≠deo RTX 3050 Eagle 8G Gigabyte NVIDIA GeForce, 8GB GDDR6, DLSS, Ray Tracing - GV-N3050EAGLE-8GD;†---;
588;Placa de V√≠deo GTX 1660 Super (1-Click OC) Galax NVIDIA GeForce, 6GB, GDDR6 - 60SRL7DSY91S;†---;
589;Placa de V√≠deo RTX 3050 Eagle OC Gigabyte NVIDIA GeForce, 8GB GDDR6, LHR, DLSS, Ray Tracing - GV-N3050EAGLE OC-8GD;†---;
590;Placa de V√≠deo GTX 1660 OC Gigabyte NVIDIA GeForce, 6GB GDDR5 - GV-N1660OC-6GD;†---;
591;Suporte para Placa de V√≠deo Rise LV2 Small, Branco e Preto - RM-SV-04-BW;†---;
592;Placa de V√≠deo RX 6600 XT XFX Speedster SWFT210 AMD Radeon, 8GB GDDR6, 16Gbps, AMD RDNA 2 Architecture - RX-66XT8DFDQ;†---;
593;Placa de V√≠deo RTX 3070 V2 OC Edition Asus TUF NVIDIA GeForce, LHR, 8GB GDDR6, 14 Gbps, Ray Tracing, DLSS - TUF-RTX3070-O8G-V2-GAMING;†---;
594;Placa de V√≠deo Quadro RTX A4500 PNY NVIDIA, 20GB GDDR6, Ray Tracing - VCNRTXA4500-PB;†---;
595;Placa de V√≠deo RTX 3060 XC Black Gaming 12G P5 3655 KR EVGA NVIDIA GeForce, LHR,  12GB GDDR6, DLSS, Ray Tracing - 12G-P5-3655-KR;†---;
596;Placa de V√≠deo RTX 4080 Trinity OC ZOTAC GeForce, 16 GB GDDR6X, DLSS, Ray Tracing - ZT-D40810J-10P;†---;
597;Placa de V√≠deo RTX 3080 SG Galax NVIDIA GeForce, 12GB GDDR6X, LHR, DLSS, RGB, Ray Tracing - 38NOM5MD99SS;†---;
598;Placa de V√≠deo RTX 2060 Ventus MSI NVIDIA GeForce, 12 GB GDDR6, Ray Tracing - RTX 2060 VENTUS 12G OC;†---;
599;Placa de V√≠deo RTX 3070 FTW3 Ultra Gaming EVGA NVIDIA GeForce, 8GB GDDR6, iCX3 Technology, ARGB LED, LHR, DLSS, Ray Tracing - 08G-P5-3767-KL;†---;
600;Placa de V√≠deo RTX 3070 Ti Trinity Zotac NVIDIA GeForce, 8GB GDDR6X, 19 Gbps, LHR, Ray Tracing, DLSS, RGB - ZT-A30710D-10P;†---;
601;Placa de V√≠deo Galax NVIDIA GeForce GTX 1660 1-Click OC, 6GB, GDDR5 - 60SRH7DSY91C;†---;
602;Placa de V√≠deo RTX 3080 0O10G V2 Gaming Asus NVIDIA GeForce TUF, 10GB GDDR6X, DLSS, LHR, RGB, 19 Gbps, Ray Tracing, LED;†---;
603;Placa de V√≠deo RTX 3060 Ti FTW3 Ultra Gaming EVGA NVIDIA GeForce, ARGB LED, 8GB GDDR6, DLSS, LHR, Ray Tracing - 08G-P5-3667-KL;†---;
604;Placa de V√≠deo RX 6700 XT XFX Speedster QICK319 AMD Radeon Black Gaming, 12GB GDDR6, 16Gbps, AMD RDNA 2 Architecture - RX-67XTYPBDP;†---;
605;Suporte para Placa de V√≠deo VGA Rise at√© 2 Placas, Preto - RM-SV-01-BK;†---;
606;Placa de V√≠deo RTX 4080 ROG Strix Asus NVIDIA GeForce, 16 GB GDDR6X, ARGB, DLSS, Ray Tracing - ROG-STRIX-RTX4080-16G-GAMING;†---;
607;Placa de V√≠deo RTX 3070 Twin Edge Zotac NVIDIA GeForce, 8GB, GDDR6, LHR - ZT-A30700E-10PLHR;†---;
608;Placa de V√≠deo AXRX 6600 3DH Power Color Fighter AMD Radeon, 8GB GDDR6, Preto - AXRX 6600 8GBD6-3DH;†---;
609;Placa de V√≠deo RX 6800 XT ASRock AMD Radeon, 16GB GDDR6  - RADEON RX6800XT PGD 16GO;†---;
610;Placa de V√≠deo RX 6700 XT GAMING OC 12G Gigabyte Radeon, 12GB GDDR6, RGB Fusion e WindForce, AMD RDNA 2 - GV-R67XTGAMING OC-12GD;†---;
611;Placa de V√≠deo RTX 3090 Ventus 3X 24G OC MSI NVIDIA Geforce, 24GB GDDR6X, Ray Tracing, DLSS;†---;
612;Placa de V√≠deo RTX 3060 Ti Gaming Gigabyte NVIDIA GeForce, 8GB GDDR6, RGB, DLSS, Ray Tracing - GV-N306TGAMING OC-8GD (rev. 2.0);†---;
613;Placa de V√≠deo RX 6900 XT OEM Sapphire AMD Radeon, 16GB GDDR6, 18Gbps, AMD RDNA 2 - 21308-02-10G;†---;
614;Placa de V√≠deo RTX 3060 Eagle 12G Gigabyte NVIDIA GeForce, rev. 2.0, RGB, 12GB GDDR6, LHR, DLSS, Ray Tracing - GV-N3060EAGLE-12GD;†---;
615;Placa de V√≠deo GTX 1660 Zotac Gaming Twin Fan GeForce NVIDIA, 6GB GDDR5 - ZT-T16600M-10M;†---;
616;Placa de V√≠deo RTX 3090 Gaming OC 24G Gigabyte NVIDIA GeForce, 24GB GDDR6X - GV-N3090GAMING OC-24GD;†---;
617;Placa de V√≠deo RTX 3080 Ti VISION OC 12G Gigabyte NVIDIA GeForce, 12GB GDDR6X, RGB Fusion, Ray Tracing, LHR, DLSS - GV-N308TVISION OC-12GD;†---;
618;Placa de V√≠deo RTX 2060 SC Gaming EVGA NVIDIA GeForce, 6 GB GDDR6 - 06G-P4-2062-KR;†---;
619;Placa de V√≠deo HD 5450 Pcyes AMD Radeon, 1GB, DDR3, com Kit Low Profile - PJ1G5450R3;†---;
620;Placa de V√≠deo Gigabyte AMD Radeon RX 5600 XT Windforce OC 6G, 6GB, GDDR6, (rev 1.0) - GV-R56XTWF2OC-6GD;†---;
621;Placa de V√≠deo RX 550 Pcyes AMD Radeon, 4GB, GDDR5, Grafiti Series - PAJRX550DR5DF;†---;
622;Placa de V√≠deo G210 PCYes NVIDIA GeForce, 1 GB DDR3 - PA210G6401D3LP;†---;
623;Placa de V√≠deo RTX 3090 Asus NVIDIA GeForce, 24GB, GDDR6X - ROG-STRIX-RTX3090-O24G-GAMING;†---;
624;Placa de V√≠deo RX 6900 XT Master 16G Gigabyte Aorus AMD Radeon, rev.2.0, 16GB GDDR6, RGB - GV-R69XTAORUS M-16GD;†---;
625;Placa de V√≠deo Gainward NVIDIA GeForce RTX3070 Phoenix, 8GB, GDDR6 - NE63070019P2-1041X;†---;
626;Placa de V√≠deo RX 6700 XT Asus AMD Radeon, 12GB GDDR6, 16 Gbps - TUF-RX6700XT-O12G-GAMING;†---;
627;Placa de V√≠deo RTX 3090 GAMING BOX Gigabyte AORUS, 24GB GDDR6X, RGB Fusion e WaterForce - GV-N3090IXEB-24GD;†---;
628;Placa de V√≠deo RTX 2060 D6 Gigabyte NVIDIA GeForce, 6GB GDDR6 - GV-N2060D6-6GD;†---;
629;Placa de V√≠deo RTX 3050 Elite 8G Gigabyte NVIDIA GeForce, RGB, 8GB GDDR6, LHR, DLSS, Ray Tracing - GV-N3050AORUS E-8GD;†---;
630;Placa de V√≠deo RTX 4070 EX Gamer White GALAX NVIDIA GeForce, 12 GB GDDR6X, DLSS, Ray Tracing, Branco - 47NOM7MD7KWH;†---;
631;Placa de Video PNY NVIDIA Geforce RTX 3070, 8GB DDR6, LHR, DLSS - VCG30708LDFMPB1;†---;
632;Placa de V√≠deo RX 6500 XT Gaming OC 4G Gigabyte AMD Radeon, 4GB GDDR6, AMD RDNA 2 - GV-R65XTGAMING OC-4GD;†---;
633;Placa de V√≠deo RX 550 PCYes AMD Radeon, 4GB GDDR5, Graffiti Series - PJRX550DR5128B;†---;
634;Placa de V√≠deo RX 6600 DUAL 8G Asus, 8GB GDDR6 - DUAL-RX6600-8G;†---;
635;Placa de V√≠deo GTX 1660 Ti OC Gigabyte NVIDIA GeForce, 6GB GDDR6 - GV-N166TOC-6GD;†---;
636;Placa de V√≠deo RTX 3090 Ti Suprim X MSI NVIDIA GeForce, 24GB GDDR6X, RGB, DLSS, Ray Tracing - GeForce RTX 3090 Ti SUPRIM X 24G;†---;
637;Placa de V√≠deo RX 6600 Gaming Sapphire Pulse AMD Radeon, 8GB GDDR6, HDMI - 11310-01-20G;†---;
638;Placa De V√≠deo Radeon RX 580 8GB, GDDR5, 256 Bit - Rx580-8gd5 Snake;†---;
639;Placa de V√≠deo RTX 3080 Zotac GeForce, 10GB, GDDR6X - ZT-A30800J-10P;†---;
640;Placa de V√≠deo RTX 3080 V2 OC Edition Asus ROG Strix GeForce, LHR, 10GB GDDR6X, 19 Gbps, Ray Tracing, RGB - ROG-STRIX-RTX3080-O10G-V2-GAMING;†---;
641;Placa de V√≠deo RX 6900 XT Gigabyte Radeon, 16 GB, GDDR6, RGB Fusion - GV-R69XTGAMING OC-16GD;†---;
642;Placa de Video RTX 3070 Ti VERTO PNY NVIDIA GeForce, 8 GB GDDR6X, LHR, DLSS, Ray Tracing - VCG3070T8TFBPB1;†---;
643;Placa de V√≠deo RTX 3090 EVGA NVIDIA GeForce, 24GB, GDDR6X - 24G-P5-3987-KR;†---;
644;Placa de V√≠deo MSI NVIDIA GeForce RTX 3060 Gaming X Trio, 12 GB GDDR6, RGB, DLSS, Ray Tracing - GeForce RTX 3060 GAMING X TRIO 12G;†---;
645;Placa de V√≠deo RTX 3080 Trinity Zotac NVIDIA GeForce, 10GB GDDR6X, 19 Gbps, LHR, Ray Tracing, DLSS, RGB - ZT-A30800D-10PLHR;†---;
646;Placa de V√≠deo RX 6800 XT Gigabyte Radeon, 16 GB, GDDR6, RGB Fusion, PCI Express 4.0 - GV-R68XTGAMING OC-16GD;†---;
647;Placa de V√≠deo RTX 4070 EX Gamer Pink GALAX NVIDIA GeForce, 12 GB GDDR6X, DLSS, Ray Tracing, Rosa - 47NOM7MD7LPK;†---;
648;Placa de V√≠deo GT 1030 EVGA NVIDIA GeForce SC 2GB, GDDR5 - 02G-P4-6333-KR;†---;
649;Suporte para Placa de Video Rise Mode, Hell -RM-SV-01-HL;†---;
650;Placa de V√≠deo RTX 2060 Duex, GDDR6  - DXRTX2060;†---;
651;Placa de V√≠deo RTX 4090 ROG Strix Asus NVIDIA GeForce, 24 GB GDDR6X, ARGB, DLSS, Ray Tracing, Branco - ROG-STRIX-RTX4090-24G-WHITE;†---;
652;Placa de V√≠deo RTX 3060 Ti Ghost Gainward, 8GB GDDR6, 256 Bits - NE6306T019P2-190AB;†---;
653;Placa de V√≠deo RTX 3060 Asus O12G V2 Gaming OC Edition NVIDIA GeForce, 12GB GDDR6, DLSS, Ray Tracing - ROG-STRIX-RTX3060-O12G-V2-GAMING;†---;
654;Placa de V√≠deo Gigabyte AMD Radeon RX 6700 XT Eagle, 12GB GDDR6, RGB, Ray Tracing - GV-R67XTEAGLE-12GD;†---;
655;Placa de Video RTX 4070 AMP AIRO Zotac NVIDIA GeForce, 12 GB GDDRX,  DLSS, Ray Tracing, Triplo Fan  - ZT-D40700F-10P;†---;
656;Placa de V√≠deo RX 6600 XT NITRO+ OC Sapphire, 8GB GDDR6, AMD RDNA 2 Architecture - 11309-01-20G;†---;
657;Placa de V√≠deo GT 740 PCYes, 4GB, GDDR5 - PA740GT12804D5FZ;†---;
658;Placa de V√≠deo RTX 3060 Ti XC Gaming, EVGA NVIDIA GeForce 8GB GDDR6, DLSS, Ray Tracing, Metal Backplate, LHR - 08G-P5-3663-KL;†---;
659;Placa de V√≠deo RX 6700 XT Asus AMD Radeon, 12GB GDDR6, 16 Gbps - ROG-STRIX-RX6700XT-O12G-GAMING;†---;
660;Placa de V√≠deo RTX 3060 Ti Vision OC Gigabyte NVIDIA GeForce, 8GB GDDR6, RGB, LHR, DLSS, Ray Tracing - GV-N306TVISION OC-8GD;†---;
661;Placa de V√≠deo Power Color Red Devil AMD Radeon RX 6950 XT, 16 GB GDDR6, ARGB - AXRX 6950XT 16GBD6-3DHE/OC;†---;
662;Placa de V√≠deo RTX 3060 Ti Twin Edge Zotac NVIDIA GeForce, 8GB GDDR6, 14 Gbps, LHR, DLSS, Ray Tracing - ZT-A30610E-10MLHR;†---;
663;Placa de V√≠deo Zotac Gaming NVIDIA GeForce RTX 2060, 6GB, GDDR6 - ZT-T20600H-10M;†---;
664;Placa de V√≠deo RX 5500 XT OC Gigabyte AMD Radeon, 4GB, GDDR6 - GV-R55XTOC-4GD;†---;
665;Placa de V√≠deo RTX 3070 O8G V2 Gaming Asus NVIDIA GeForce ROG Strix, 8GB GDDR6, DLSS, LHR, Ray Tracing, RGB;†---;
666;Placa de V√≠deo RX 570 Gaming Gigabyte AMD Radeon, 4GB, GDDR5, REV 2.0 - GV-RX570GAMING-4GD;†---;
667;Placa de V√≠deo RTX 3060 Gaming X MSI NVIDIA GeForce, 12GB GDDR, RGB, DLSS, Ray Tracing - 912-V397-019;†---;
668;Placa de Video PowerColor Radeon Red Devil RX 6800XT, 16GB, GDDR6 - RX 6800 XT 16GB GDDR6;†---;
669;Placa de V√≠deo GT 710 Passive Galax NVIDIA GeForce, 2GB, DDR3 - 71GPF4HI00GX;†---;
670;Placa de V√≠deo RTX 3080 Serious Gaming Galax NVIDIA GeForce, 10GB GDDR6X, LHR, RGB, DLSS, Ray Tracing - 38NWM3MD99RG;†---;
671;Placa de V√≠deo R7 240 PCYes AMD Radeon, 4GB GDDR5, 128 Bits - PJ7R240DR5;†---;
672;Placa de V√≠deo RX 6400 DUAL 4G Asus, 4GB GDDR6 - DUAL-RX6400-4G;†---;
673;Placa de V√≠deo RTX 3090 O24G Gaming Asus NVIDIA ROG Strix GeForce, RGB, 24 GB GDDR6X, DLSS, Ray Tracing - 90YV0F93-M0NA00;†---;
674;Placa de V√≠deo GTX 1050 Ti Pcyes NVIDIA GeForce Graffiti Series, 4GB GDDR5, G-Sync - PJ1050TI4GBDF;†---;
675;Placa de V√≠deo RTX 3070 Ti Gaming OC Gigabyte NVIDIA GeForce, 8GB GDDR6X, RGB, DLSS, LHR, Ray Tracing - GV-N307TGAMING OC-8GD;†---;
676;Placa de V√≠deo RTX 3060 O12G V2 Gaming Asus TUF, 12GB GDDR6, RGB,  LHR, DLSS, Ray Tracing - TUF-RTX3060-O12G-V2-GAMING;†---;
677;Placa de V√≠deo RTX 3050 Pegasus Gainward NVIDIA GeForce, 8GB GDDR6, DLSS, Ray Tracing - NE63050019P1-190AE;†---;
678;Placa de V√≠deo RTX 3080 XC3 Ultra Gaming EVGA NVIDIA GeForce, 10GB GDDR6X, iCX3 Cooling, ARGB LED, LHR, DLSS, Ray Tracing - 10G-P5-3885-KL;†---;
679;Placa de V√≠deo GTX 1650 OC Gigabyte NVIDIA GeForce, 4GB GDDR5 - GV-N1650OC-4GD;†---;
680;Placa de V√≠deo RTX 3080 Ti Gaming Gigabyte NVIDIA GeForce, 12GB GDDR6X, RGB, DLSS, Ray Tracing - GV-N308TGAMING OC-12GD;†---;
681;Placa de V√≠deo GTX 1050 Ti Gigabyte NVIDIA GeForce D5, 4GB GDDR5 - GV-N105TD5-4GD;†---;
682;Suporte para Placa de V√≠deo Asus ROG Herculx, Compat√≠vel com Aura Sync - 90DA0020-B00000;†---;
683;Placa de V√≠deo RTX 3080 Ti FTW3 ULTRA GAMING LHR EVGA GeForce, 12GB GDDR6X, ARGB LED, Metal Backplate, DLSS, Ray Tracing - 12G-P5-3967-KR;†---;
684;Placa de V√≠deo RTX 2060 Plus 1-Click OC Galax NVIDIA, 6GB GDDR6, LED, Ray Tracing - 26NRL7HP68CX;†---;
685;Placa de V√≠deo RX 7900 XTX AMD Radeon Power Color, 24 GB GDDR6,  Ray Tracing - RX7900XTX 24G;†---;
686;Placa de V√≠deo RTX 3060 KO OC V2 Edition Asus NVIDIA GeForce, 12G GDDR6, 15Gbps, LHR, ARGB, DLSS, Ray Tracing - 90YV0GC7-M0NA10;†---;
687;Placa de V√≠deo RTX 3090 Turbo 24G Gigabyte NVIDIA GeForce, 24GB GDDR6X, DLSS, Ray Tracing - GV-N3090TURBO-24GD;†---;
688;Placa de V√≠deo RTX 2060 Ventus GP OC MSI NVIDIA GeForce, 6GB GDDR6, 3x DisplayPort, HDMI - 912-V375-808;†---;
689;Placa de V√≠deo GT 210 VGA NVIDIA MSI GEFORCE 1GB DDR3 N210-MD1G/D3;†---;
690;Placa de V√≠deo RTX 3060 EVGA GeForce XC GAMING, 12GB GDDR6, DualFan, Metal Backplate, DLSS, Ray Tracing - 12G-P5-3657-KR;†---;
691;Placa de V√≠deo RX 6900 XT ASUS TUF GAMING Radeon, 16GB GDDR6, 16 Gbps - TUF-RX6900XT-O16G-GAMING;†---;
692;Placa de V√≠deo GT 710 EVGA NVIDIA GeForce 2GB, DDR3 - 02G-P3-2713-KR;†---;
693;Placa de V√≠deo GT 1030 EVGA NVIDIA GeForce SC 2GB, GDDR5 - 02G-P4-6338-KR;†---;
694;Placa de V√≠deo RX 550 ASRock AMD Radeon Phantom Gaming, 2GB GDDR5 - 90-GA0500-00UANF;†---;
695;Placa de V√≠deo GTX 1660 Asus Phoenix NVIDIA GeForce 6GB, GDDR5 - PH-GTX1660-O6G;†---;
696;Placa de V√≠deo RX 570 PowerColor AMD Radeon, 4GB, GDDR5 - AXRX 570 4GBD5-DHDV3/OC;†---;
697;Placa de V√≠deo Quadro P1000 PNY NVIDIA, 4GB, GDDR5 - VCQP1000V2-PB;†---;
698;Placa de V√≠deo RX 6700 XT XFX Speedster MERC319 AMD Radeon Black Gaming, 12GB GDDR6, 16Gbps, AMD RDNA 2 Architecture - RX-67XTYTBDP;†---;
699;Placa de V√≠deo RX 6900 XT XFX SPEEDSTER MERC319 AMD Radeon Limited Black Gaming, 16GB GDDR6, 16 Gbps, AMD RDNA 2 - RX-69XTACSD9;†---;
700;Placa de V√≠deo RX 6600 XT Sapphire PULSE OC, 8GB GDDR6, AMD RDNA 2 Architecture - 11309-03-20G;†---;
701;Placa de V√≠deo RX 6600 XT O8G Asus Dual, 8GB GDDR6, 16 Gbps - 90YV0GN1-M0NA00;†---;
702;Placa de V√≠deo RX 560 Afox Radeon, 4GB DDR5, 128Bit, ATX Dual Fan, HDMI/DisplayPort, Preto - AFRX560-4096D5H4-V2;†---;
703;Placa de V√≠deo GTX 1050 Pcyes NVIDIA GeForce, 2GB GDDR5, Dual Fan, Graffiti Series - PA10502GBDF128;†---;
704;Placa de V√≠deo GTX 750 PCYes NVIDIA GeForce, 2GB GDDR5, 128 Bits Dual-Fan, Full Size, Preto - PA750DR5128DF;†---;
705;Placa de V√≠deo RX 550 PCYes AMD Radeon, 4GB GDDR5, 128 Bits Dual Fan, Graffiti Series, Preto - PAXRX550DR5DF;†---;
706;VGA MSI 256MB NX8400GS-TD256E Geforce PCI-Express;†---;
707;Placa de V√≠deo RX 470 PowerColor AMD Radeon Red Dragon 4GB, GDDR5 - AXRX 470 4GBD5-3DHD/OC;†---;
708;Placa de V√≠deo GTX 1060 Gigabyte NVIDIA GeForce WindForce OC, 6GB GDDR5 - GV-N1060WF2OC-6GD;†---;
709;Placa de V√≠deo GTX 1050 EVGA NVIDIA GeForce SSC Gaming 2GB, GDDR5 - 02G-P4-6152-KR;†---;
710;Placa de V√≠deo GTX 1050 Ti Gigabyte NVIDIA GeForce OC 4GB, GDDR5 - GV-N105TOC-4GL;†---;
711;Placa de V√≠deo RX 570 MSI AMD Radeon Armor 4G OC, 4GB GDDR5;†---;
712;Placa de V√≠deo 6570 Plus XFX AMD One Series 2GB , DDR3 - ON-XFX1-PLUS;†---;
713;Placa de V√≠deo R7 240 PCYes AMD Radeon 2GB, DDR5 - PW240R712802D5;†---;
714;Placa de V√≠deo GTX 1660 Ti Zotac NVIDIA GeForce AMP 6GB, GDDR6 - ZT-T16610D-10M;†---;
715;Placa de V√≠deo GTX 1660 XC Ultra Gaming EVGA NVIDIA GeForce  6GB, GDDR5 - 06G-P4-1167-KR;†---;
716;Placa de V√≠deo PCYes NVIDIA GeForce GT 710 2GB, DDR3 - PA710GT6402D3LP;†---;
717;Placa de V√≠deo PowerColor Red Dragon AMD Radeon RX 550 2GB, GDDR5 - AXRX 550 2GBD5-DHA/OC;†---;
718;Placa de V√≠deo GTX 1650 SC Ultra Gaming EVGA NVIDIA GeForce 4GB, GDDR5 - 04G-P4-1057-KR;†---;
719;Placa de Video ASrock Phantom Gaming D Radeon RX570 8G OC, 8GB GDDR5;†---;
720;Placa de V√≠deo RX 560 PowerColor Red Dragon AMD Radeon 2GB, GDDR5 - AXRX 560 2GBD5-DHAV2;†---;
721;Placa de V√≠deo R5 230 PCYes AMD Radeon, 2GB, DDR3 - PA230R56402D3LP;†---;
722;Placa de Video ASRock Phantom Gaming X AMD Radeon RX580 8G OC, 8GB GDDR5;†---;
723;Placa de V√≠deo R7 240 PCYes AMD Radeon, 4GB, GDDR5 - PJ240R71284GD5;†---;
724;Placa de V√≠deo EVGA NVIDIA GeForce GTX 1660 Super SC Ultra Gaming, 6GB, GDDR6 - 06G-P4-1068-KR;†---;
725;Placa de V√≠deo RTX 2080 Super Gaming OC Waterforce WB Gigabyte NVIDIA GeForce, 8GB GDDR6 - GV-N208SGAMINGOC WB-8GD;†---;
726;Placa de V√≠deo Gigabyte AMD Radeon RX 5600 XT Gaming OC, 6GB, GDDR6 - GV-R56XTGAMING OC-6GD;†---;
727;Placa de V√≠deo Gigabyte NVIDIA GeForce RTX 2060 OC, 6GB, GDDR6, REV 2.0 - GV-N2060OC-6GD;†---;
728;Placa de V√≠deo RX 5600 XT Phantom Gaming D2 OC ASRock AMD Radeon, 6GB, DDR6 - 90-GA1WZZ-00UANF;†---;
729;Placa de V√≠deo RX 5600 XT Challenger D OC ASRock AMD Radeon, 6GB, DDR6 - 90-GA1XZZ-00UANF;†---;
730;Placa de V√≠deo RX 560 D Afox AMD Radeon, 4GB, GDDR5 - AFRX560D-4096D5H4-V3;†---;
731;Case para Placa de V√≠deo Asus ROG XG Station 2 - 90YV09B1-M0SA00;†---;
732;Placa de V√≠deo GTX 1650 0C Gigabyte NVIDIA GeForce D6 4G, 4GB, GDDR6 - GV-N1656OC-4GD;†---;
733;Placa de V√≠deo GT 730 Gigabyte NVIDIA GeForce, 2GB GDDR5 - GV-N730D5-2GI (rev 2.0);†---;
734;Placa de V√≠deo Gigabyte NVIDIA GeForce GTX 1650 D6 OC Low Profile 4G, 4GB, GDDR6 - GV-N1656OC-4GL;†---;
735;Placa de V√≠deo GTX 1650 SC Ultra GDDR6 Gaming EVGA NVIDIA GeForce, 4GB, GDDR6 - 04G-P4-1257-KR;†---;
736;Placa de V√≠deo GTX 1650 OC Edition Asus Phoenix NVIDIA GeForce, 4GB, GDDR6 - PH-GTX1650-O4GD6;†---;
737;Placa de V√≠deo Gigabyte Radeon RX 5500 XT D6, AMD/ATI, 4G, GDDR6 - GV-R55XTD6-4GD;†---;
738;Placa de V√≠deo Gigabyte Radeon RX 5500 XT D6, AMD/ATI, 8G, GDDR6 - GV-R55XTD6-8GD;†---;
739;Placa de V√≠deo RTX 3080 Ventus 3X 10G OC MSI NVIDIA Geforce, GDDR6X;†---;
740;Placa de V√≠deo RTX 3080 EVGA NVIDIA GeForce, 10GB, GDDR6X - 10G-P5-3897-KR;†---;
741;Placa de V√≠deo Gigabyte AMD Radeon RX 5600 XT WINDFORCE 6G, GDDR6 (Rev. 2.0) - GV-R56XTWF2-6GD;†---;
742;Placa de V√≠deo RTX 3070 Twin Edge OC Zotac NVIDIA GeForce, 8GB, GDDR6 - ZT-A30700H-10P;†---;
743;Placa de V√≠deo RTX 3070 Vision OC 8G Gigabyte NVIDIA GeForce, 8GB GDDR6, LHR - GV-N3070VISION OC-8GD (rev. 2.0);†---;
744;Placa de V√≠deo RTX 3070 Master Gigabyte NVIDIA Aorus GeForce, 8GB GDDR6 - GV-N3070AORUS M-8GD;†---;
745;Placa de V√≠deo RTX 3060 Ti Gigabyte NVIDIA GeForce, 8GB, LHR, GAMING OC PRO - (Rev 3.0) - GV-N306TGAMINGOC PRO-8GD;†---;
746;Placa de V√≠deo PCYES AMD Radeon RX 550, 4GB GDDR5, 128 Bits, Graffiti Series - PJRX550R5SF;†---;
747;Placa de V√≠deo GT 730 PCYes, 2GB, DDR3 -  PA7302DR364LP;†---;
748;Placa de V√≠deo RX 6700 XT Sapphire NITRO+ RADEON, 12GB - 11306-01-20G;†---;
749;Placa de V√≠deo RX 6700 XT Challenger Pro 12G OC ASRock, 12GB GDDR6, 16 Gbps, AMD RDNA 2 Architecture - RX6700XT CLP 12GO;†---;
750;Placa de V√≠deo Asus NVIDIA GeForce GTX 1660 Super OC Edition Phoenix, 6GB GDDR6, 192 Bits - PH-GTX1660S-O6G;†---;
751;Placa de V√≠deo RX 6900 XT LC T16G Gaming Asus ROG Strix, 16GB GDDR6, 16 Gbps, RGB, RDNA 2 Architecture - 90YV0GF1-M0NA00;†---;
752;Placa de V√≠deo RX 6800 XT XFX Speedster MERC319 AMD Radeon CORE Gaming, 16GB GDDR6, 16Gbps, AMD RDNA 2 Architecture - RX-68XTALFD9;†---;
753;Placa de V√≠deo RTX 3090 Xtreme Waterforce Gigabyte Aorus NVIDIA GeForce, RGB, 24G, GDDR6X, DLSS, Ray Tracing - GV-N3090AORUSX W-24GD;†---;
754;Placa de V√≠deo RTX 3060 Ti KO V2 OC Gaming Asus NVIDIA GeForce, LHR, 8GB GDDR6, 14Gbps, Ray Tracing, DLSS, RGB, Preto - 90YV0G1G-M0NA00;†---;
755;Placa de V√≠deo RX 6600 XT XFX Speedster QICK308 AMD Radeon, 8GB GDDR6, 16Gbps, AMD RDNA 2 Architecture - RX-66XT8LBDQ;†---;
756;Placa de V√≠deo GTX 1050 Ti 1-Click OC Galax NVIDIA GeForce, 4GB, DDR5, Dual Fan, Preto - 50IQH8DSQ3CC;†---;
757;Placa de V√≠deo Afox Radeon RX 560, 4GB DDR5, 128Bit, ATX Dual Fan, HDMI/DisplayPort, Preto - AFRX560-4096D5H4;†---;
758;Placa de V√≠deo MSI Radeon RX 6600 XT Gaming X 8G, 16 Gbps, 8GB GDDR6 - Radeon RX 6600 XT GAMING X 8G;†---;
759;Placa de V√≠deo EVGA GeForce RTX 3070 Ti XC3 Ultra Gaming, ARGB LED, 8GB GDDR6X, iCX3 Cooling, DLSS, Ray Tracing - 08G-P5-3785-KL;†---;
760;Placa de V√≠deo RX 6700 XT Sapphire Pulse AMD Radeon, 12GB GDDR6, OC, Ray Tracing, Preto - 11306-05-20G;†---;
761;Placa de V√≠deo GTX 1660 Ti XC Ultra Black Gaming EVGA NVIDIA GeForce, 6GB GDDR6, Dual HDB Fans - 06G-P4-1265-KR;†---;
762;Placa de V√≠deo Asus Rog Strix RTX 3080 10G V2 Gaming, LHR, DLSS, Ray Tracing, Preto - 90YV0FA8-M0NA00;†---;
763;Placa de V√≠deo MSI NVIDIA GeForce GTX 1050 Ti 4GT OC, 4GB, GDDR5 - 912-V809-2272;†---;
764;Placa de V√≠deo RTX 3080 GAMING BOX Aorus NVIDIA Geforce, rev. 2.0, 10GB GDDR6X, LHR, Ray Tracing - GV-N3080IXEB-10GD;†---;
765;Placa de V√≠deo RTX 2060 EVO OC Edition Asus Dual NVIDIA GeForce, 12GB, GDDR6, Ray Tracing - 90YV0CH7-M0NA00;†---;
766;Placa de V√≠deo GTX 1050 Ti PCyes NVIDIA Geforce, 4GB GDDR5, Graffiti Series - PJGF1050TI4GB / 107744;†---;
767;Placa de V√≠deo RTX 3050 Gaming OC Asus NVIDIA GeForce ROG Strix, 8GB, GDDR6 - 90YV0HI1-M0NA00;†---;
768;Placa de V√≠deo RTX 3050 Twin Edge Zotac Gaming NVIDIA Geforce, 8GB, GDDR6, LHR, Ray Tracing, VR Ready - ZT-A30500E-10M;†---;
769;Placa de V√≠deo RX 6500 XT XFX Speedster QICK210 AMD Radeon, 4GB GDDR6, Ray Tracing, RDNA 2 - RX-65XT4DBDQ;†---;
770;Placa de V√≠deo W5500 Pro AMD Radeon, 8GB GDDR6, RDNA Architecture - 100-506095;†---;
771;Placa de V√≠deo RTX 3080 EAGLE Gigabyte NVIDIA GeForce, 10GB GDDR6X, RGB, DLSS, Ray Tracing - GV-N3080EAGLE-10GD;†---;
772;Placa de V√≠deo RTX 3060 Ti GAMING 8G Gigabyte NVIDIA GeForce, rev. 2.0, 8GB GDDR6, RGB, LHR, DLSS, Ray Tracing - GV-N306TGAMING-8GD;†---;
773;Placa de V√≠deo RTX 3060 Ti Vision Gigabyte NVIDIA GeForce, 8GB GDDR6, RGB, LHR, DLSS, Ray Tracing - GV-N306TVISION-8GD;†---;
